"site_short","netNr","julian_day","nSpec"
"BB-A1-23","1",22,0
"BB-A1-23","1",23,4
"BB-A1-23","1",24,0
"BB-A1-23","1",25,4
"BB-A1-23","1",26,2
"BB-A1-23","1",27,6
"BB-A1-23","1",28,5
"BB-A1-23","10",22,1
"BB-A1-23","10",23,2
"BB-A1-23","10",24,1
"BB-A1-23","10",25,1
"BB-A1-23","10",26,0
"BB-A1-23","10",27,3
"BB-A1-23","10",28,1
"BB-A1-23","2",22,1
"BB-A1-23","2",23,3
"BB-A1-23","2",24,2
"BB-A1-23","2",25,6
"BB-A1-23","2",26,1
"BB-A1-23","2",27,6
"BB-A1-23","2",28,3
"BB-A1-23","3",22,0
"BB-A1-23","3",23,1
"BB-A1-23","3",24,2
"BB-A1-23","3",25,6
"BB-A1-23","3",26,3
"BB-A1-23","3",27,5
"BB-A1-23","3",28,2
"BB-A1-23","4",22,1
"BB-A1-23","4",23,1
"BB-A1-23","4",24,1
"BB-A1-23","4",25,1
"BB-A1-23","4",26,1
"BB-A1-23","4",27,4
"BB-A1-23","4",28,2
"BB-A1-23","5",22,0
"BB-A1-23","5",23,3
"BB-A1-23","5",24,0
"BB-A1-23","5",25,1
"BB-A1-23","5",26,1
"BB-A1-23","5",27,4
"BB-A1-23","5",28,1
"BB-A1-23","6",22,0
"BB-A1-23","6",23,0
"BB-A1-23","6",24,0
"BB-A1-23","6",25,2
"BB-A1-23","6",26,0
"BB-A1-23","6",27,2
"BB-A1-23","6",28,1
"BB-A1-23","7",22,0
"BB-A1-23","7",23,0
"BB-A1-23","7",24,0
"BB-A1-23","7",25,1
"BB-A1-23","7",26,1
"BB-A1-23","7",27,0
"BB-A1-23","7",28,1
"BB-A1-23","8",22,0
"BB-A1-23","8",23,1
"BB-A1-23","8",24,1
"BB-A1-23","8",25,4
"BB-A1-23","8",26,2
"BB-A1-23","8",27,0
"BB-A1-23","8",28,1
"BB-A1-23","9",22,1
"BB-A1-23","9",23,4
"BB-A1-23","9",24,0
"BB-A1-23","9",25,3
"BB-A1-23","9",26,0
"BB-A1-23","9",27,3
"BB-A1-23","9",28,2
"BB-A2-23","1",22,0
"BB-A2-23","1",23,0
"BB-A2-23","1",24,0
"BB-A2-23","1",25,0
"BB-A2-23","1",26,3
"BB-A2-23","1",27,0
"BB-A2-23","1",28,1
"BB-A2-23","10",22,1
"BB-A2-23","10",23,2
"BB-A2-23","10",24,1
"BB-A2-23","10",25,1
"BB-A2-23","10",26,0
"BB-A2-23","10",27,0
"BB-A2-23","10",28,1
"BB-A2-23","2",22,0
"BB-A2-23","2",23,1
"BB-A2-23","2",24,0
"BB-A2-23","2",25,3
"BB-A2-23","2",26,1
"BB-A2-23","2",27,1
"BB-A2-23","2",28,1
"BB-A2-23","3",22,0
"BB-A2-23","3",23,1
"BB-A2-23","3",24,0
"BB-A2-23","3",25,0
"BB-A2-23","3",26,0
"BB-A2-23","3",27,0
"BB-A2-23","3",28,2
"BB-A2-23","4",22,0
"BB-A2-23","4",23,2
"BB-A2-23","4",24,1
"BB-A2-23","4",25,1
"BB-A2-23","4",26,0
"BB-A2-23","4",27,0
"BB-A2-23","4",28,1
"BB-A2-23","5",22,0
"BB-A2-23","5",23,0
"BB-A2-23","5",24,0
"BB-A2-23","5",25,1
"BB-A2-23","5",26,0
"BB-A2-23","5",27,1
"BB-A2-23","5",28,1
"BB-A2-23","6",22,0
"BB-A2-23","6",23,1
"BB-A2-23","6",24,1
"BB-A2-23","6",25,0
"BB-A2-23","6",26,0
"BB-A2-23","6",27,1
"BB-A2-23","6",28,1
"BB-A2-23","7",22,0
"BB-A2-23","7",23,0
"BB-A2-23","7",24,1
"BB-A2-23","7",25,1
"BB-A2-23","7",26,1
"BB-A2-23","7",27,0
"BB-A2-23","7",28,2
"BB-A2-23","8",22,0
"BB-A2-23","8",23,0
"BB-A2-23","8",24,0
"BB-A2-23","8",25,1
"BB-A2-23","8",26,0
"BB-A2-23","8",27,0
"BB-A2-23","8",28,0
"BB-A2-23","9",22,0
"BB-A2-23","9",23,1
"BB-A2-23","9",24,0
"BB-A2-23","9",25,1
"BB-A2-23","9",26,0
"BB-A2-23","9",27,1
"BB-A2-23","9",28,1
"BB-B1-23","1",22,2
"BB-B1-23","1",24,1
"BB-B1-23","1",25,1
"BB-B1-23","1",26,2
"BB-B1-23","1",28,2
"BB-B1-23","1",29,4
"BB-B1-23","1",30,1
"BB-B1-23","10",22,2
"BB-B1-23","10",24,2
"BB-B1-23","10",25,3
"BB-B1-23","10",26,3
"BB-B1-23","10",28,3
"BB-B1-23","10",29,2
"BB-B1-23","10",30,2
"BB-B1-23","2",22,1
"BB-B1-23","2",24,1
"BB-B1-23","2",25,0
"BB-B1-23","2",26,3
"BB-B1-23","2",28,3
"BB-B1-23","2",29,3
"BB-B1-23","2",30,2
"BB-B1-23","3",22,1
"BB-B1-23","3",24,0
"BB-B1-23","3",25,1
"BB-B1-23","3",26,1
"BB-B1-23","3",28,2
"BB-B1-23","3",29,3
"BB-B1-23","3",30,4
"BB-B1-23","4",22,2
"BB-B1-23","4",24,1
"BB-B1-23","4",25,2
"BB-B1-23","4",26,5
"BB-B1-23","4",28,1
"BB-B1-23","4",29,3
"BB-B1-23","4",30,0
"BB-B1-23","5",22,2
"BB-B1-23","5",24,1
"BB-B1-23","5",25,0
"BB-B1-23","5",26,4
"BB-B1-23","5",28,2
"BB-B1-23","5",29,2
"BB-B1-23","5",30,0
"BB-B1-23","6",22,2
"BB-B1-23","6",24,0
"BB-B1-23","6",25,2
"BB-B1-23","6",26,3
"BB-B1-23","6",28,1
"BB-B1-23","6",29,3
"BB-B1-23","6",30,1
"BB-B1-23","7",22,0
"BB-B1-23","7",24,1
"BB-B1-23","7",25,0
"BB-B1-23","7",26,3
"BB-B1-23","7",28,3
"BB-B1-23","7",29,3
"BB-B1-23","7",30,1
"BB-B1-23","8",22,2
"BB-B1-23","8",24,2
"BB-B1-23","8",25,1
"BB-B1-23","8",26,2
"BB-B1-23","8",28,0
"BB-B1-23","8",29,2
"BB-B1-23","8",30,1
"BB-B1-23","9",22,1
"BB-B1-23","9",24,2
"BB-B1-23","9",25,1
"BB-B1-23","9",26,3
"BB-B1-23","9",28,2
"BB-B1-23","9",29,1
"BB-B1-23","9",30,1
"BB-C1-23","1",23,2
"BB-C1-23","1",24,0
"BB-C1-23","1",25,5
"BB-C1-23","1",26,0
"BB-C1-23","1",27,3
"BB-C1-23","1",28,1
"BB-C1-23","1",29,7
"BB-C1-23","10",23,2
"BB-C1-23","10",24,1
"BB-C1-23","10",25,5
"BB-C1-23","10",26,2
"BB-C1-23","10",27,5
"BB-C1-23","10",28,2
"BB-C1-23","10",29,6
"BB-C1-23","2",23,1
"BB-C1-23","2",24,7
"BB-C1-23","2",25,4
"BB-C1-23","2",26,0
"BB-C1-23","2",27,5
"BB-C1-23","2",28,1
"BB-C1-23","2",29,4
"BB-C1-23","3",23,3
"BB-C1-23","3",24,0
"BB-C1-23","3",25,3
"BB-C1-23","3",26,1
"BB-C1-23","3",27,2
"BB-C1-23","3",28,0
"BB-C1-23","3",29,3
"BB-C1-23","4",23,1
"BB-C1-23","4",24,2
"BB-C1-23","4",25,0
"BB-C1-23","4",26,0
"BB-C1-23","4",27,1
"BB-C1-23","4",28,1
"BB-C1-23","4",29,5
"BB-C1-23","5",23,2
"BB-C1-23","5",24,1
"BB-C1-23","5",25,2
"BB-C1-23","5",26,2
"BB-C1-23","5",27,2
"BB-C1-23","5",28,0
"BB-C1-23","5",29,2
"BB-C1-23","6",23,3
"BB-C1-23","6",24,0
"BB-C1-23","6",25,2
"BB-C1-23","6",26,0
"BB-C1-23","6",27,5
"BB-C1-23","6",28,1
"BB-C1-23","6",29,2
"BB-C1-23","7",23,1
"BB-C1-23","7",24,0
"BB-C1-23","7",25,3
"BB-C1-23","7",26,1
"BB-C1-23","7",27,4
"BB-C1-23","7",28,0
"BB-C1-23","7",29,2
"BB-C1-23","8",23,3
"BB-C1-23","8",24,4
"BB-C1-23","8",25,5
"BB-C1-23","8",26,0
"BB-C1-23","8",27,2
"BB-C1-23","8",28,1
"BB-C1-23","8",29,2
"BB-C1-23","9",23,1
"BB-C1-23","9",24,0
"BB-C1-23","9",25,1
"BB-C1-23","9",26,1
"BB-C1-23","9",27,2
"BB-C1-23","9",28,2
"BB-C1-23","9",29,5
"BB-C2-23","1",23,1
"BB-C2-23","1",24,5
"BB-C2-23","1",25,2
"BB-C2-23","1",26,0
"BB-C2-23","1",27,2
"BB-C2-23","1",28,0
"BB-C2-23","1",29,6
"BB-C2-23","10",23,0
"BB-C2-23","10",24,1
"BB-C2-23","10",25,1
"BB-C2-23","10",26,1
"BB-C2-23","10",27,3
"BB-C2-23","10",28,1
"BB-C2-23","10",29,4
"BB-C2-23","2",23,2
"BB-C2-23","2",24,1
"BB-C2-23","2",25,0
"BB-C2-23","2",26,0
"BB-C2-23","2",27,1
"BB-C2-23","2",28,0
"BB-C2-23","2",29,4
"BB-C2-23","3",23,2
"BB-C2-23","3",24,4
"BB-C2-23","3",25,1
"BB-C2-23","3",26,0
"BB-C2-23","3",27,2
"BB-C2-23","3",28,0
"BB-C2-23","3",29,4
"BB-C2-23","4",23,1
"BB-C2-23","4",24,5
"BB-C2-23","4",25,1
"BB-C2-23","4",26,0
"BB-C2-23","4",27,1
"BB-C2-23","4",28,1
"BB-C2-23","4",29,2
"BB-C2-23","5",23,3
"BB-C2-23","5",24,2
"BB-C2-23","5",25,1
"BB-C2-23","5",26,0
"BB-C2-23","5",27,3
"BB-C2-23","5",28,0
"BB-C2-23","5",29,4
"BB-C2-23","6",23,0
"BB-C2-23","6",24,3
"BB-C2-23","6",25,4
"BB-C2-23","6",26,0
"BB-C2-23","6",27,3
"BB-C2-23","6",28,1
"BB-C2-23","6",29,5
"BB-C2-23","7",23,0
"BB-C2-23","7",24,1
"BB-C2-23","7",25,1
"BB-C2-23","7",26,0
"BB-C2-23","7",27,2
"BB-C2-23","7",28,3
"BB-C2-23","7",29,3
"BB-C2-23","8",23,0
"BB-C2-23","8",24,2
"BB-C2-23","8",25,2
"BB-C2-23","8",26,0
"BB-C2-23","8",27,5
"BB-C2-23","8",28,1
"BB-C2-23","8",29,3
"BB-C2-23","9",23,0
"BB-C2-23","9",24,1
"BB-C2-23","9",25,4
"BB-C2-23","9",26,0
"BB-C2-23","9",27,4
"BB-C2-23","9",28,1
"BB-C2-23","9",29,4
"BB-D1-23","1",23,1
"BB-D1-23","1",24,1
"BB-D1-23","1",25,5
"BB-D1-23","1",26,6
"BB-D1-23","1",27,0
"BB-D1-23","1",28,2
"BB-D1-23","10",23,0
"BB-D1-23","10",24,0
"BB-D1-23","10",25,0
"BB-D1-23","10",26,1
"BB-D1-23","10",27,0
"BB-D1-23","10",28,1
"BB-D1-23","2",23,1
"BB-D1-23","2",24,0
"BB-D1-23","2",25,4
"BB-D1-23","2",26,1
"BB-D1-23","2",27,2
"BB-D1-23","2",28,3
"BB-D1-23","3",23,2
"BB-D1-23","3",24,0
"BB-D1-23","3",25,2
"BB-D1-23","3",26,1
"BB-D1-23","3",27,1
"BB-D1-23","3",28,2
"BB-D1-23","4",23,0
"BB-D1-23","4",24,0
"BB-D1-23","4",25,4
"BB-D1-23","4",26,2
"BB-D1-23","4",27,0
"BB-D1-23","4",28,0
"BB-D1-23","5",23,1
"BB-D1-23","5",24,0
"BB-D1-23","5",25,2
"BB-D1-23","5",26,5
"BB-D1-23","5",27,0
"BB-D1-23","5",28,1
"BB-D1-23","6",23,0
"BB-D1-23","6",24,1
"BB-D1-23","6",25,0
"BB-D1-23","6",26,0
"BB-D1-23","6",27,0
"BB-D1-23","6",28,1
"BB-D1-23","7",23,0
"BB-D1-23","7",24,0
"BB-D1-23","7",25,0
"BB-D1-23","7",26,2
"BB-D1-23","7",27,0
"BB-D1-23","7",28,2
"BB-D1-23","8",23,1
"BB-D1-23","8",24,0
"BB-D1-23","8",25,0
"BB-D1-23","8",26,1
"BB-D1-23","8",27,0
"BB-D1-23","8",28,2
"BB-D1-23","9",23,0
"BB-D1-23","9",24,0
"BB-D1-23","9",25,0
"BB-D1-23","9",26,1
"BB-D1-23","9",27,0
"BB-D1-23","9",28,3
"BB-D2-23","1",23,3
"BB-D2-23","1",24,4
"BB-D2-23","1",25,2
"BB-D2-23","1",26,2
"BB-D2-23","1",27,0
"BB-D2-23","1",28,4
"BB-D2-23","10",23,1
"BB-D2-23","10",24,3
"BB-D2-23","10",25,2
"BB-D2-23","10",26,0
"BB-D2-23","10",27,1
"BB-D2-23","10",28,2
"BB-D2-23","2",23,0
"BB-D2-23","2",24,4
"BB-D2-23","2",25,3
"BB-D2-23","2",26,2
"BB-D2-23","2",27,0
"BB-D2-23","2",28,4
"BB-D2-23","3",23,2
"BB-D2-23","3",24,4
"BB-D2-23","3",25,4
"BB-D2-23","3",26,1
"BB-D2-23","3",27,1
"BB-D2-23","3",28,1
"BB-D2-23","4",23,1
"BB-D2-23","4",24,0
"BB-D2-23","4",25,0
"BB-D2-23","4",26,2
"BB-D2-23","4",27,1
"BB-D2-23","4",28,2
"BB-D2-23","5",23,2
"BB-D2-23","5",24,1
"BB-D2-23","5",25,1
"BB-D2-23","5",26,1
"BB-D2-23","5",27,0
"BB-D2-23","5",28,1
"BB-D2-23","6",23,2
"BB-D2-23","6",24,0
"BB-D2-23","6",25,2
"BB-D2-23","6",26,1
"BB-D2-23","6",27,0
"BB-D2-23","6",28,2
"BB-D2-23","7",23,1
"BB-D2-23","7",24,3
"BB-D2-23","7",25,3
"BB-D2-23","7",26,0
"BB-D2-23","7",27,1
"BB-D2-23","7",28,1
"BB-D2-23","8",23,1
"BB-D2-23","8",24,1
"BB-D2-23","8",25,1
"BB-D2-23","8",26,0
"BB-D2-23","8",27,1
"BB-D2-23","8",28,1
"BB-D2-23","9",23,3
"BB-D2-23","9",24,3
"BB-D2-23","9",25,2
"BB-D2-23","9",26,3
"BB-D2-23","9",27,1
"BB-D2-23","9",28,1
"BB-D3-23","11",24,3
"BB-D3-23","11",25,2
"BB-D3-23","11",26,2
"BB-D3-23","11",27,2
"BB-D3-23","12",24,3
"BB-D3-23","12",25,7
"BB-D3-23","12",26,3
"BB-D3-23","12",27,0
"BB-D3-23","13",24,5
"BB-D3-23","13",25,6
"BB-D3-23","13",26,6
"BB-D3-23","13",27,1
"BB-D3-23","14",24,5
"BB-D3-23","14",25,6
"BB-D3-23","14",26,3
"BB-D3-23","14",27,2
"BB-D3-23","15",24,4
"BB-D3-23","15",25,6
"BB-D3-23","15",26,7
"BB-D3-23","15",27,3
"BB-E1-23","1",23,2
"BB-E1-23","1",24,1
"BB-E1-23","1",25,3
"BB-E1-23","1",27,5
"BB-E1-23","10",23,1
"BB-E1-23","10",24,1
"BB-E1-23","10",25,2
"BB-E1-23","10",27,5
"BB-E1-23","2",23,0
"BB-E1-23","2",24,1
"BB-E1-23","2",25,2
"BB-E1-23","2",27,3
"BB-E1-23","3",23,1
"BB-E1-23","3",24,2
"BB-E1-23","3",25,1
"BB-E1-23","3",27,5
"BB-E1-23","4",23,2
"BB-E1-23","4",24,3
"BB-E1-23","4",25,1
"BB-E1-23","4",27,5
"BB-E1-23","5",23,4
"BB-E1-23","5",24,3
"BB-E1-23","5",25,4
"BB-E1-23","5",27,5
"BB-E1-23","6",23,3
"BB-E1-23","6",24,0
"BB-E1-23","6",25,6
"BB-E1-23","6",27,4
"BB-E1-23","7",23,2
"BB-E1-23","7",24,5
"BB-E1-23","7",25,2
"BB-E1-23","7",27,4
"BB-E1-23","8",23,3
"BB-E1-23","8",24,3
"BB-E1-23","8",25,4
"BB-E1-23","8",27,4
"BB-E1-23","9",23,3
"BB-E1-23","9",24,4
"BB-E1-23","9",25,3
"BB-E1-23","9",27,5
"BB-F1-23","1",23,1
"BB-F1-23","1",24,1
"BB-F1-23","1",25,1
"BB-F1-23","1",26,6
"BB-F1-23","10",23,0
"BB-F1-23","10",24,0
"BB-F1-23","10",25,1
"BB-F1-23","10",26,1
"BB-F1-23","2",23,2
"BB-F1-23","2",24,1
"BB-F1-23","2",25,0
"BB-F1-23","2",26,5
"BB-F1-23","3",23,0
"BB-F1-23","3",24,0
"BB-F1-23","3",25,0
"BB-F1-23","3",26,3
"BB-F1-23","4",23,0
"BB-F1-23","4",24,0
"BB-F1-23","4",25,0
"BB-F1-23","4",26,2
"BB-F1-23","5",23,1
"BB-F1-23","5",24,0
"BB-F1-23","5",25,0
"BB-F1-23","5",26,0
"BB-F1-23","6",23,1
"BB-F1-23","6",24,0
"BB-F1-23","6",25,1
"BB-F1-23","6",26,2
"BB-F1-23","7",23,2
"BB-F1-23","7",24,0
"BB-F1-23","7",25,0
"BB-F1-23","7",26,1
"BB-F1-23","8",23,0
"BB-F1-23","8",24,0
"BB-F1-23","8",25,0
"BB-F1-23","8",26,1
"BB-F1-23","9",23,0
"BB-F1-23","9",24,0
"BB-F1-23","9",25,0
"BB-F1-23","9",26,1
"BB-F2-23","1",23,0
"BB-F2-23","1",24,1
"BB-F2-23","1",25,0
"BB-F2-23","1",26,2
"BB-F2-23","10",23,1
"BB-F2-23","10",24,1
"BB-F2-23","10",25,1
"BB-F2-23","10",26,0
"BB-F2-23","2",23,1
"BB-F2-23","2",24,0
"BB-F2-23","2",25,0
"BB-F2-23","2",26,5
"BB-F2-23","3",23,0
"BB-F2-23","3",24,0
"BB-F2-23","3",25,0
"BB-F2-23","3",26,3
"BB-F2-23","4",23,0
"BB-F2-23","4",24,0
"BB-F2-23","4",25,0
"BB-F2-23","4",26,4
"BB-F2-23","5",23,2
"BB-F2-23","5",24,0
"BB-F2-23","5",25,0
"BB-F2-23","5",26,0
"BB-F2-23","6",23,0
"BB-F2-23","6",24,0
"BB-F2-23","6",25,0
"BB-F2-23","6",26,0
"BB-F2-23","7",23,1
"BB-F2-23","7",24,1
"BB-F2-23","7",25,0
"BB-F2-23","7",26,2
"BB-F2-23","8",23,0
"BB-F2-23","8",24,0
"BB-F2-23","8",25,0
"BB-F2-23","8",26,0
"BB-F2-23","9",23,1
"BB-F2-23","9",24,0
"BB-F2-23","9",25,1
"BB-F2-23","9",26,1
"BB-MF-16","11",22,6
"BB-MF-16","11",23,2
"BB-MF-16","11",25,4
"BB-MF-16","11",26,6
"BB-MF-16","12",22,5
"BB-MF-16","12",23,1
"BB-MF-16","12",25,1
"BB-MF-16","12",26,2
"BB-MF-16","13",22,4
"BB-MF-16","13",23,0
"BB-MF-16","13",25,2
"BB-MF-16","13",26,3
"BB-MF-16","21",22,4
"BB-MF-16","21",23,1
"BB-MF-16","21",25,3
"BB-MF-16","21",26,2
"BB-MF-16","22",22,2
"BB-MF-16","22",23,1
"BB-MF-16","22",25,5
"BB-MF-16","22",26,4
"BB-MF-16","23",22,2
"BB-MF-16","23",23,0
"BB-MF-16","23",25,3
"BB-MF-16","23",26,3
"BB-MF-16","31",22,6
"BB-MF-16","31",23,3
"BB-MF-16","31",25,6
"BB-MF-16","31",26,10
"BB-MF-16","32",22,6
"BB-MF-16","32",23,2
"BB-MF-16","32",25,2
"BB-MF-16","32",26,7
"BB-MF-16","33",22,5
"BB-MF-16","33",23,3
"BB-MF-16","33",25,3
"BB-MF-16","33",26,2
"BB-MF-16","41",22,2
"BB-MF-16","41",23,1
"BB-MF-16","41",25,1
"BB-MF-16","41",26,1
"BB-MF-16","42",22,0
"BB-MF-16","42",23,1
"BB-MF-16","42",25,1
"BB-MF-16","42",26,1
"BB-MF-16","43",22,3
"BB-MF-16","43",23,2
"BB-MF-16","43",25,0
"BB-MF-16","43",26,2
"BB-MF-16","44",22,5
"BB-MF-16","44",23,2
"BB-MF-16","44",25,1
"BB-MF-16","44",26,1
"BB-MF-16","45",22,1
"BB-MF-16","45",23,0
"BB-MF-16","45",25,1
"BB-MF-16","45",26,0
"BB-MF-16","46",22,3
"BB-MF-16","46",23,0
"BB-MF-16","46",25,0
"BB-MF-16","46",26,1
"BB-MF-16","47",22,5
"BB-MF-16","47",23,1
"BB-MF-16","47",25,0
"BB-MF-16","47",26,1
"BW-G1-22","1",21,0
"BW-G1-22","1",23,3
"BW-G1-22","1",24,3
"BW-G1-22","1",25,1
"BW-G1-22","1",26,1
"BW-G1-22","1",27,0
"BW-G1-22","1",28,2
"BW-G1-22","1",29,3
"BW-G1-22","1",30,5
"BW-G1-22","1",31,3
"BW-G1-22","10",21,2
"BW-G1-22","10",23,7
"BW-G1-22","10",24,2
"BW-G1-22","10",25,6
"BW-G1-22","10",26,2
"BW-G1-22","10",27,1
"BW-G1-22","10",28,1
"BW-G1-22","10",29,3
"BW-G1-22","10",30,1
"BW-G1-22","10",31,1
"BW-G1-22","2",21,1
"BW-G1-22","2",23,3
"BW-G1-22","2",24,3
"BW-G1-22","2",25,1
"BW-G1-22","2",26,1
"BW-G1-22","2",27,0
"BW-G1-22","2",28,0
"BW-G1-22","2",29,3
"BW-G1-22","2",30,3
"BW-G1-22","2",31,2
"BW-G1-22","3",21,2
"BW-G1-22","3",23,4
"BW-G1-22","3",24,4
"BW-G1-22","3",25,1
"BW-G1-22","3",26,1
"BW-G1-22","3",27,3
"BW-G1-22","3",28,1
"BW-G1-22","3",29,4
"BW-G1-22","3",30,2
"BW-G1-22","3",31,2
"BW-G1-22","4",21,0
"BW-G1-22","4",23,3
"BW-G1-22","4",24,5
"BW-G1-22","4",25,4
"BW-G1-22","4",26,1
"BW-G1-22","4",27,4
"BW-G1-22","4",28,3
"BW-G1-22","4",29,3
"BW-G1-22","4",30,5
"BW-G1-22","4",31,4
"BW-G1-22","5",21,1
"BW-G1-22","5",23,7
"BW-G1-22","5",24,6
"BW-G1-22","5",25,6
"BW-G1-22","5",26,4
"BW-G1-22","5",27,3
"BW-G1-22","5",28,4
"BW-G1-22","5",29,4
"BW-G1-22","5",30,4
"BW-G1-22","5",31,2
"BW-G1-22","6",21,1
"BW-G1-22","6",23,2
"BW-G1-22","6",24,3
"BW-G1-22","6",25,3
"BW-G1-22","6",26,2
"BW-G1-22","6",27,1
"BW-G1-22","6",28,2
"BW-G1-22","6",29,2
"BW-G1-22","6",30,1
"BW-G1-22","6",31,1
"BW-G1-22","7",21,3
"BW-G1-22","7",23,5
"BW-G1-22","7",24,6
"BW-G1-22","7",25,4
"BW-G1-22","7",26,1
"BW-G1-22","7",27,2
"BW-G1-22","7",28,2
"BW-G1-22","7",29,3
"BW-G1-22","7",30,1
"BW-G1-22","7",31,0
"BW-G1-22","8",21,2
"BW-G1-22","8",23,5
"BW-G1-22","8",24,4
"BW-G1-22","8",25,3
"BW-G1-22","8",26,2
"BW-G1-22","8",27,1
"BW-G1-22","8",28,2
"BW-G1-22","8",29,3
"BW-G1-22","8",30,2
"BW-G1-22","8",31,1
"BW-G1-22","9",21,2
"BW-G1-22","9",23,4
"BW-G1-22","9",24,4
"BW-G1-22","9",25,4
"BW-G1-22","9",26,1
"BW-G1-22","9",27,1
"BW-G1-22","9",28,5
"BW-G1-22","9",29,5
"BW-G1-22","9",30,3
"BW-G1-22","9",31,0
"BW-G2-22","1",22,0
"BW-G2-22","1",23,4
"BW-G2-22","1",25,3
"BW-G2-22","1",26,1
"BW-G2-22","1",27,0
"BW-G2-22","1",28,2
"BW-G2-22","1",29,7
"BW-G2-22","1",30,3
"BW-G2-22","1",31,0
"BW-G2-22","10",22,0
"BW-G2-22","10",23,0
"BW-G2-22","10",25,2
"BW-G2-22","10",26,1
"BW-G2-22","10",27,1
"BW-G2-22","10",28,2
"BW-G2-22","10",29,3
"BW-G2-22","10",30,3
"BW-G2-22","10",31,1
"BW-G2-22","2",22,0
"BW-G2-22","2",23,1
"BW-G2-22","2",25,3
"BW-G2-22","2",26,0
"BW-G2-22","2",27,1
"BW-G2-22","2",28,2
"BW-G2-22","2",29,2
"BW-G2-22","2",30,0
"BW-G2-22","2",31,1
"BW-G2-22","3",22,0
"BW-G2-22","3",23,1
"BW-G2-22","3",25,2
"BW-G2-22","3",26,0
"BW-G2-22","3",27,0
"BW-G2-22","3",28,2
"BW-G2-22","3",29,3
"BW-G2-22","3",30,2
"BW-G2-22","3",31,2
"BW-G2-22","4",22,1
"BW-G2-22","4",23,0
"BW-G2-22","4",25,4
"BW-G2-22","4",26,0
"BW-G2-22","4",27,0
"BW-G2-22","4",28,3
"BW-G2-22","4",29,3
"BW-G2-22","4",30,0
"BW-G2-22","4",31,1
"BW-G2-22","5",22,1
"BW-G2-22","5",23,2
"BW-G2-22","5",25,1
"BW-G2-22","5",26,0
"BW-G2-22","5",27,1
"BW-G2-22","5",28,1
"BW-G2-22","5",29,1
"BW-G2-22","5",30,1
"BW-G2-22","5",31,0
"BW-G2-22","6",22,0
"BW-G2-22","6",23,2
"BW-G2-22","6",25,1
"BW-G2-22","6",26,1
"BW-G2-22","6",27,0
"BW-G2-22","6",28,2
"BW-G2-22","6",29,3
"BW-G2-22","6",30,4
"BW-G2-22","6",31,1
"BW-G2-22","7",22,0
"BW-G2-22","7",23,2
"BW-G2-22","7",25,2
"BW-G2-22","7",26,0
"BW-G2-22","7",27,0
"BW-G2-22","7",28,2
"BW-G2-22","7",29,3
"BW-G2-22","7",30,2
"BW-G2-22","7",31,3
"BW-G2-22","8",22,0
"BW-G2-22","8",23,1
"BW-G2-22","8",25,1
"BW-G2-22","8",26,0
"BW-G2-22","8",27,3
"BW-G2-22","8",28,2
"BW-G2-22","8",29,4
"BW-G2-22","8",30,1
"BW-G2-22","8",31,1
"BW-G2-22","9",22,0
"BW-G2-22","9",23,2
"BW-G2-22","9",25,2
"BW-G2-22","9",26,0
"BW-G2-22","9",27,1
"BW-G2-22","9",28,1
"BW-G2-22","9",29,4
"BW-G2-22","9",30,4
"BW-G2-22","9",31,0
"BW-G3-22","1",28,5
"BW-G3-22","1",29,4
"BW-G3-22","1",30,3
"BW-G3-22","1",31,1
"BW-G3-22","2",28,3
"BW-G3-22","2",29,1
"BW-G3-22","2",30,3
"BW-G3-22","2",31,1
"BW-G3-22","3",28,3
"BW-G3-22","3",29,0
"BW-G3-22","3",30,4
"BW-G3-22","3",31,0
"BW-G3-22","4",28,6
"BW-G3-22","4",29,5
"BW-G3-22","4",30,3
"BW-G3-22","4",31,0
"BW-G3-22","5",28,3
"BW-G3-22","5",29,1
"BW-G3-22","5",30,0
"BW-G3-22","5",31,1
"BW-G3-22","6",28,0
"BW-G3-22","6",29,5
"BW-G3-22","6",30,4
"BW-G3-22","6",31,2
"BW-G3-22","7",28,1
"BW-G3-22","7",29,2
"BW-G3-22","7",30,0
"BW-G3-22","8",28,0
"BW-G3-22","8",29,1
"BW-G3-22","8",30,0
"BW-HS-17","1",22,0
"BW-HS-17","1",23,1
"BW-HS-17","1",24,0
"BW-HS-17","1",25,0
"BW-HS-17","1",26,0
"BW-HS-17","2",22,0
"BW-HS-17","2",23,1
"BW-HS-17","2",24,1
"BW-HS-17","2",25,0
"BW-HS-17","2",26,1
"BW-HS-17","3",22,0
"BW-HS-17","3",23,0
"BW-HS-17","3",24,1
"BW-HS-17","3",25,0
"BW-HS-17","3",26,1
"BW-HS-17","4",22,1
"BW-HS-17","4",23,0
"BW-HS-17","4",24,1
"BW-HS-17","4",25,0
"BW-HS-17","4",26,0
"BW-HS-17","5",22,0
"BW-HS-17","5",23,1
"BW-HS-17","5",24,1
"BW-HS-17","5",25,0
"BW-HS-17","5",26,1
"BW-HS-17","6",22,0
"BW-HS-17","6",23,1
"BW-HS-17","6",24,0
"BW-HS-17","6",25,1
"BW-HS-17","6",26,0
"BW-HS-19","1",22,0
"BW-HS-19","1",23,2
"BW-HS-19","1",24,2
"BW-HS-19","1",25,0
"BW-HS-19","1",26,2
"BW-HS-19","1",27,4
"BW-HS-19","1",28,0
"BW-HS-19","2",22,0
"BW-HS-19","2",23,1
"BW-HS-19","2",24,0
"BW-HS-19","2",25,1
"BW-HS-19","2",26,0
"BW-HS-19","2",27,2
"BW-HS-19","2",28,1
"BW-HS-19","3",22,0
"BW-HS-19","3",23,0
"BW-HS-19","3",24,0
"BW-HS-19","3",25,1
"BW-HS-19","3",26,0
"BW-HS-19","3",27,1
"BW-HS-19","3",28,1
"BW-HS-19","4",22,0
"BW-HS-19","4",23,0
"BW-HS-19","4",24,1
"BW-HS-19","4",25,2
"BW-HS-19","4",26,0
"BW-HS-19","4",27,2
"BW-HS-19","4",28,1
"BW-HS-19","5",22,0
"BW-HS-19","5",23,0
"BW-HS-19","5",24,0
"BW-HS-19","5",25,0
"BW-HS-19","5",26,0
"BW-HS-19","5",27,1
"BW-HS-19","5",28,0
"BW-HS-19","6",22,0
"BW-HS-19","6",23,0
"BW-HS-19","6",24,0
"BW-HS-19","6",25,0
"BW-HS-19","6",26,2
"BW-HS-19","6",27,2
"BW-HS-19","6",28,0
"BW-HS-19","7",23,0
"BW-HS-19","7",24,0
"BW-HS-19","7",25,0
"BW-HS-19","7",26,1
"BW-HS-19","7",27,3
"BW-HS-19","7",28,1
"BW-HS-20","1",22,0
"BW-HS-20","1",23,1
"BW-HS-20","1",24,1
"BW-HS-20","1",25,1
"BW-HS-20","1",26,0
"BW-HS-20","1",27,1
"BW-HS-20","2",22,0
"BW-HS-20","2",23,0
"BW-HS-20","2",24,0
"BW-HS-20","2",25,0
"BW-HS-20","2",26,0
"BW-HS-20","2",27,1
"BW-HS-20","3",22,0
"BW-HS-20","3",23,0
"BW-HS-20","3",24,0
"BW-HS-20","3",25,0
"BW-HS-20","3",26,0
"BW-HS-20","3",27,2
"BW-HS-20","4",22,1
"BW-HS-20","4",23,0
"BW-HS-20","4",24,1
"BW-HS-20","4",25,1
"BW-HS-20","4",26,0
"BW-HS-20","4",27,0
"BW-HS-20","5",22,1
"BW-HS-20","5",23,4
"BW-HS-20","5",24,1
"BW-HS-20","5",25,1
"BW-HS-20","5",26,0
"BW-HS-20","5",27,2
"BW-HS-20","6",22,0
"BW-HS-20","6",23,2
"BW-HS-20","6",24,0
"BW-HS-20","6",25,0
"BW-HS-20","6",26,0
"BW-HS-20","6",27,1
"BW-HS-20","7",22,0
"BW-HS-20","7",23,0
"BW-HS-20","7",24,0
"BW-HS-20","7",25,1
"BW-HS-20","7",26,2
"BW-HS-20","7",27,3
"BW-HS-21","1",23,2
"BW-HS-21","1",24,3
"BW-HS-21","1",25,3
"BW-HS-21","1",26,5
"BW-HS-21","1",27,2
"BW-HS-21","1",28,3
"BW-HS-21","2",23,0
"BW-HS-21","2",24,1
"BW-HS-21","2",25,3
"BW-HS-21","2",26,5
"BW-HS-21","2",27,2
"BW-HS-21","2",28,4
"BW-HS-21","3",23,2
"BW-HS-21","3",24,3
"BW-HS-21","3",25,3
"BW-HS-21","3",26,6
"BW-HS-21","3",27,1
"BW-HS-21","3",28,2
"BW-HS-21","4",23,2
"BW-HS-21","4",24,0
"BW-HS-21","4",25,2
"BW-HS-21","4",26,3
"BW-HS-21","4",27,4
"BW-HS-21","4",28,2
"BW-HS-21","5",23,2
"BW-HS-21","5",24,1
"BW-HS-21","5",25,2
"BW-HS-21","5",26,3
"BW-HS-21","5",27,2
"BW-HS-21","5",28,1
"BW-HS-21","6",23,4
"BW-HS-21","6",24,1
"BW-HS-21","6",25,0
"BW-HS-21","6",26,3
"BW-HS-21","6",27,0
"BW-HS-21","6",28,0
"BW-HS-23","1",23,5
"BW-HS-23","1",24,7
"BW-HS-23","1",25,3
"BW-HS-23","1",26,3
"BW-HS-23","1",27,4
"BW-HS-23","2",23,4
"BW-HS-23","2",24,3
"BW-HS-23","2",25,3
"BW-HS-23","2",26,4
"BW-HS-23","2",27,1
"BW-HS-23","3",23,0
"BW-HS-23","3",24,2
"BW-HS-23","3",25,0
"BW-HS-23","3",26,3
"BW-HS-23","3",27,2
"BW-HS-23","4",23,0
"BW-HS-23","4",24,5
"BW-HS-23","4",25,1
"BW-HS-23","4",26,0
"BW-HS-23","4",27,1
"BW-HS-23","5",23,0
"BW-HS-23","5",24,0
"BW-HS-23","5",25,0
"BW-HS-23","5",26,0
"BW-HS-23","5",27,1
"BW-HS-23","6",23,1
"BW-HS-23","6",24,3
"BW-HS-23","6",25,2
"BW-HS-23","6",26,2
"BW-HS-23","6",27,1
"BW-K1-22","1",21,0
"BW-K1-22","1",22,1
"BW-K1-22","1",24,0
"BW-K1-22","10",21,0
"BW-K1-22","10",22,4
"BW-K1-22","10",24,4
"BW-K1-22","2",21,0
"BW-K1-22","2",22,1
"BW-K1-22","2",24,2
"BW-K1-22","3",21,0
"BW-K1-22","3",22,0
"BW-K1-22","3",24,4
"BW-K1-22","4",21,0
"BW-K1-22","4",22,1
"BW-K1-22","4",24,5
"BW-K1-22","5",21,0
"BW-K1-22","5",22,3
"BW-K1-22","5",24,4
"BW-K1-22","6",21,2
"BW-K1-22","6",22,2
"BW-K1-22","6",24,6
"BW-K1-22","7",21,0
"BW-K1-22","7",22,1
"BW-K1-22","7",24,4
"BW-K1-22","8",21,0
"BW-K1-22","8",22,3
"BW-K1-22","8",24,4
"BW-K1-22","9",21,0
"BW-K1-22","9",22,1
"BW-K1-22","9",24,3
"BW-L1-22","1",21,0
"BW-L1-22","1",23,5
"BW-L1-22","1",24,1
"BW-L1-22","1",25,5
"BW-L1-22","1",26,3
"BW-L1-22","1",28,7
"BW-L1-22","10",21,0
"BW-L1-22","10",23,1
"BW-L1-22","10",24,1
"BW-L1-22","10",25,1
"BW-L1-22","10",26,3
"BW-L1-22","10",28,0
"BW-L1-22","2",21,1
"BW-L1-22","2",23,3
"BW-L1-22","2",24,1
"BW-L1-22","2",25,0
"BW-L1-22","2",26,2
"BW-L1-22","2",28,2
"BW-L1-22","3",21,0
"BW-L1-22","3",23,2
"BW-L1-22","3",24,0
"BW-L1-22","3",25,3
"BW-L1-22","3",26,1
"BW-L1-22","3",28,2
"BW-L1-22","4",21,0
"BW-L1-22","4",23,3
"BW-L1-22","4",24,3
"BW-L1-22","4",25,3
"BW-L1-22","4",26,2
"BW-L1-22","4",28,4
"BW-L1-22","5",21,0
"BW-L1-22","5",23,4
"BW-L1-22","5",24,1
"BW-L1-22","5",25,0
"BW-L1-22","5",26,1
"BW-L1-22","5",28,3
"BW-L1-22","6",21,0
"BW-L1-22","6",23,2
"BW-L1-22","6",24,5
"BW-L1-22","6",25,1
"BW-L1-22","6",26,3
"BW-L1-22","6",28,4
"BW-L1-22","7",21,2
"BW-L1-22","7",23,4
"BW-L1-22","7",24,2
"BW-L1-22","7",25,0
"BW-L1-22","7",26,0
"BW-L1-22","7",28,2
"BW-L1-22","8",21,0
"BW-L1-22","8",23,2
"BW-L1-22","8",24,3
"BW-L1-22","8",25,1
"BW-L1-22","8",26,4
"BW-L1-22","8",28,3
"BW-L1-22","9",21,0
"BW-L1-22","9",23,2
"BW-L1-22","9",24,1
"BW-L1-22","9",25,2
"BW-L1-22","9",26,1
"BW-L1-22","9",28,0
"BW-M1-22","1",22,0
"BW-M1-22","1",24,3
"BW-M1-22","1",25,2
"BW-M1-22","1",26,0
"BW-M1-22","1",27,5
"BW-M1-22","1",28,6
"BW-M1-22","1",29,3
"BW-M1-22","10",22,1
"BW-M1-22","10",24,2
"BW-M1-22","10",25,1
"BW-M1-22","10",26,2
"BW-M1-22","10",27,3
"BW-M1-22","10",28,5
"BW-M1-22","10",29,1
"BW-M1-22","2",22,0
"BW-M1-22","2",24,1
"BW-M1-22","2",25,4
"BW-M1-22","2",26,1
"BW-M1-22","2",27,3
"BW-M1-22","2",28,5
"BW-M1-22","2",29,2
"BW-M1-22","3",22,0
"BW-M1-22","3",24,3
"BW-M1-22","3",25,1
"BW-M1-22","3",26,1
"BW-M1-22","3",27,0
"BW-M1-22","3",28,5
"BW-M1-22","3",29,3
"BW-M1-22","4",22,0
"BW-M1-22","4",24,2
"BW-M1-22","4",25,0
"BW-M1-22","4",26,1
"BW-M1-22","4",27,4
"BW-M1-22","4",28,2
"BW-M1-22","4",29,0
"BW-M1-22","5",22,1
"BW-M1-22","5",24,3
"BW-M1-22","5",25,0
"BW-M1-22","5",26,0
"BW-M1-22","5",27,4
"BW-M1-22","5",28,5
"BW-M1-22","5",29,1
"BW-M1-22","6",22,2
"BW-M1-22","6",24,3
"BW-M1-22","6",25,2
"BW-M1-22","6",26,0
"BW-M1-22","6",27,4
"BW-M1-22","6",28,3
"BW-M1-22","6",29,3
"BW-M1-22","7",22,0
"BW-M1-22","7",24,4
"BW-M1-22","7",25,0
"BW-M1-22","7",26,0
"BW-M1-22","7",27,4
"BW-M1-22","7",28,5
"BW-M1-22","7",29,1
"BW-M1-22","8",22,1
"BW-M1-22","8",24,3
"BW-M1-22","8",25,2
"BW-M1-22","8",26,1
"BW-M1-22","8",27,5
"BW-M1-22","8",28,4
"BW-M1-22","8",29,1
"BW-M1-22","9",22,0
"BW-M1-22","9",24,3
"BW-M1-22","9",25,0
"BW-M1-22","9",26,1
"BW-M1-22","9",27,6
"BW-M1-22","9",28,3
"BW-M1-22","9",29,1
"BW-M2-22","1",22,1
"BW-M2-22","1",23,5
"BW-M2-22","1",25,1
"BW-M2-22","1",26,0
"BW-M2-22","1",27,3
"BW-M2-22","1",28,4
"BW-M2-22","1",29,1
"BW-M2-22","10",22,1
"BW-M2-22","10",23,2
"BW-M2-22","10",25,2
"BW-M2-22","10",26,0
"BW-M2-22","10",27,3
"BW-M2-22","10",28,2
"BW-M2-22","10",29,3
"BW-M2-22","2",22,1
"BW-M2-22","2",23,4
"BW-M2-22","2",25,1
"BW-M2-22","2",26,0
"BW-M2-22","2",27,6
"BW-M2-22","2",28,2
"BW-M2-22","2",29,2
"BW-M2-22","3",22,2
"BW-M2-22","3",23,4
"BW-M2-22","3",25,2
"BW-M2-22","3",26,0
"BW-M2-22","3",27,4
"BW-M2-22","3",28,3
"BW-M2-22","3",29,1
"BW-M2-22","4",22,1
"BW-M2-22","4",23,1
"BW-M2-22","4",25,0
"BW-M2-22","4",26,0
"BW-M2-22","4",27,3
"BW-M2-22","4",28,1
"BW-M2-22","4",29,4
"BW-M2-22","5",22,1
"BW-M2-22","5",23,1
"BW-M2-22","5",25,4
"BW-M2-22","5",26,0
"BW-M2-22","5",27,3
"BW-M2-22","5",28,4
"BW-M2-22","5",29,1
"BW-M2-22","6",22,0
"BW-M2-22","6",23,3
"BW-M2-22","6",25,1
"BW-M2-22","6",26,0
"BW-M2-22","6",27,2
"BW-M2-22","6",28,4
"BW-M2-22","6",29,0
"BW-M2-22","7",22,0
"BW-M2-22","7",23,2
"BW-M2-22","7",25,1
"BW-M2-22","7",26,0
"BW-M2-22","7",27,1
"BW-M2-22","7",28,3
"BW-M2-22","7",29,2
"BW-M2-22","8",22,1
"BW-M2-22","8",23,1
"BW-M2-22","8",25,4
"BW-M2-22","8",26,1
"BW-M2-22","8",27,3
"BW-M2-22","8",28,3
"BW-M2-22","8",29,2
"BW-M2-22","9",22,0
"BW-M2-22","9",23,4
"BW-M2-22","9",25,0
"BW-M2-22","9",26,0
"BW-M2-22","9",27,4
"BW-M2-22","9",28,2
"BW-M2-22","9",29,4
"BW-S1-22","1",21,1
"BW-S1-22","1",23,1
"BW-S1-22","1",24,3
"BW-S1-22","10",21,0
"BW-S1-22","10",23,3
"BW-S1-22","10",24,2
"BW-S1-22","2",21,1
"BW-S1-22","2",23,1
"BW-S1-22","2",24,3
"BW-S1-22","3",21,1
"BW-S1-22","3",23,0
"BW-S1-22","3",24,1
"BW-S1-22","4",21,0
"BW-S1-22","4",23,2
"BW-S1-22","4",24,3
"BW-S1-22","5",21,0
"BW-S1-22","5",23,3
"BW-S1-22","5",24,5
"BW-S1-22","6",21,0
"BW-S1-22","6",23,2
"BW-S1-22","6",24,2
"BW-S1-22","7",21,0
"BW-S1-22","7",23,3
"BW-S1-22","7",24,2
"BW-S1-22","8",21,1
"BW-S1-22","8",23,1
"BW-S1-22","8",24,1
"BW-S1-22","9",21,1
"BW-S1-22","9",23,3
"BW-S1-22","9",24,3
"BW-S2-22","1",21,1
"BW-S2-22","1",23,3
"BW-S2-22","1",24,4
"BW-S2-22","1",25,2
"BW-S2-22","10",21,2
"BW-S2-22","10",23,2
"BW-S2-22","10",24,0
"BW-S2-22","10",25,0
"BW-S2-22","2",21,1
"BW-S2-22","2",23,6
"BW-S2-22","2",24,7
"BW-S2-22","2",25,1
"BW-S2-22","3",21,3
"BW-S2-22","3",23,2
"BW-S2-22","3",24,2
"BW-S2-22","3",25,1
"BW-S2-22","4",21,2
"BW-S2-22","4",23,5
"BW-S2-22","4",24,2
"BW-S2-22","4",25,1
"BW-S2-22","5",21,4
"BW-S2-22","5",23,3
"BW-S2-22","5",24,4
"BW-S2-22","5",25,0
"BW-S2-22","6",21,1
"BW-S2-22","6",23,4
"BW-S2-22","6",24,2
"BW-S2-22","6",25,3
"BW-S2-22","7",21,1
"BW-S2-22","7",23,2
"BW-S2-22","7",24,2
"BW-S2-22","7",25,3
"BW-S2-22","8",21,1
"BW-S2-22","8",23,1
"BW-S2-22","8",24,4
"BW-S2-22","8",25,3
"BW-S2-22","9",21,1
"BW-S2-22","9",23,3
"BW-S2-22","9",24,2
"BW-S2-22","9",25,0
"BW-SR-20","1",23,0
"BW-SR-20","1",24,1
"BW-SR-20","1",25,2
"BW-SR-20","1",26,1
"BW-SR-20","1",27,2
"BW-SR-20","2",23,3
"BW-SR-20","2",24,3
"BW-SR-20","2",25,5
"BW-SR-20","2",26,5
"BW-SR-20","2",27,3
"BW-SR-20","3",23,0
"BW-SR-20","3",24,2
"BW-SR-20","3",25,1
"BW-SR-20","3",26,3
"BW-SR-20","3",27,3
"BW-SR-20","4",23,1
"BW-SR-20","4",24,0
"BW-SR-20","4",25,0
"BW-SR-20","4",26,2
"BW-SR-20","4",27,4
"BW-SR-20","5",23,2
"BW-SR-20","5",24,1
"BW-SR-20","5",25,0
"BW-SR-20","5",26,4
"BW-SR-20","5",27,3
"BW-SR-20","6",23,1
"BW-SR-20","6",24,1
"BW-SR-20","6",25,0
"BW-SR-20","6",26,2
"BW-SR-20","6",27,3
"BW-SR-20","7",23,0
"BW-SR-20","7",24,2
"BW-SR-20","7",25,1
"BW-SR-20","7",26,3
"BW-SR-20","7",27,1
"BW-SR-20","8",23,0
"BW-SR-20","8",24,0
"BW-SR-20","8",25,2
"BW-SR-20","8",26,2
"BW-SR-20","8",27,1
"BW-WH-23","1",20,3
"BW-WH-23","1",21,4
"BW-WH-23","1",22,3
"BW-WH-23","1",26,3
"BW-WH-23","2",20,2
"BW-WH-23","2",21,2
"BW-WH-23","2",22,1
"BW-WH-23","2",26,3
"BW-WH-23","3",20,1
"BW-WH-23","3",21,0
"BW-WH-23","3",22,1
"BW-WH-23","3",26,1
"BW-WH-23","4",20,2
"BW-WH-23","4",21,2
"BW-WH-23","4",22,1
"BW-WH-23","4",26,2
"BW-WH-23","5",20,1
"BW-WH-23","5",21,2
"BW-WH-23","5",22,2
"BW-WH-23","5",26,4
"BW-WH-23","6",21,1
"BW-WH-23","6",22,3
"BW-WH-23","6",26,0
"BW-WH-23","7",21,0
"BW-WH-23","7",22,0
"BW-WH-23","7",26,2
"BW-Z1-22","1",21,0
"BW-Z1-22","1",23,3
"BW-Z1-22","1",25,5
"BW-Z1-22","1",26,4
"BW-Z1-22","1",27,6
"BW-Z1-22","10",21,0
"BW-Z1-22","10",23,2
"BW-Z1-22","10",25,4
"BW-Z1-22","10",26,2
"BW-Z1-22","10",27,5
"BW-Z1-22","2",21,1
"BW-Z1-22","2",23,2
"BW-Z1-22","2",25,3
"BW-Z1-22","2",26,2
"BW-Z1-22","2",27,9
"BW-Z1-22","3",21,0
"BW-Z1-22","3",23,4
"BW-Z1-22","3",25,4
"BW-Z1-22","3",26,0
"BW-Z1-22","3",27,5
"BW-Z1-22","4",21,0
"BW-Z1-22","4",23,0
"BW-Z1-22","4",25,2
"BW-Z1-22","4",26,3
"BW-Z1-22","4",27,6
"BW-Z1-22","5",21,0
"BW-Z1-22","5",23,2
"BW-Z1-22","5",25,5
"BW-Z1-22","5",26,3
"BW-Z1-22","5",27,8
"BW-Z1-22","6",21,0
"BW-Z1-22","6",23,1
"BW-Z1-22","6",25,3
"BW-Z1-22","6",26,2
"BW-Z1-22","6",27,6
"BW-Z1-22","7",21,0
"BW-Z1-22","7",23,2
"BW-Z1-22","7",25,4
"BW-Z1-22","7",26,0
"BW-Z1-22","7",27,2
"BW-Z1-22","8",21,0
"BW-Z1-22","8",23,2
"BW-Z1-22","8",25,3
"BW-Z1-22","8",26,1
"BW-Z1-22","8",27,5
"BW-Z1-22","9",21,0
"BW-Z1-22","9",23,2
"BW-Z1-22","9",25,3
"BW-Z1-22","9",26,3
"BW-Z1-22","9",27,3
"BW-Z2-22","1",21,2
"BW-Z2-22","1",22,0
"BW-Z2-22","1",23,2
"BW-Z2-22","1",24,1
"BW-Z2-22","1",25,3
"BW-Z2-22","1",27,2
"BW-Z2-22","10",21,0
"BW-Z2-22","10",22,0
"BW-Z2-22","10",23,0
"BW-Z2-22","10",24,0
"BW-Z2-22","10",25,3
"BW-Z2-22","10",27,3
"BW-Z2-22","2",21,2
"BW-Z2-22","2",22,2
"BW-Z2-22","2",23,1
"BW-Z2-22","2",24,1
"BW-Z2-22","2",25,3
"BW-Z2-22","2",27,2
"BW-Z2-22","3",21,1
"BW-Z2-22","3",22,3
"BW-Z2-22","3",23,0
"BW-Z2-22","3",24,1
"BW-Z2-22","3",25,1
"BW-Z2-22","3",27,5
"BW-Z2-22","4",21,1
"BW-Z2-22","4",22,3
"BW-Z2-22","4",23,0
"BW-Z2-22","4",24,2
"BW-Z2-22","4",25,2
"BW-Z2-22","4",27,2
"BW-Z2-22","5",21,0
"BW-Z2-22","5",22,0
"BW-Z2-22","5",23,2
"BW-Z2-22","5",24,2
"BW-Z2-22","5",25,1
"BW-Z2-22","5",27,2
"BW-Z2-22","6",21,1
"BW-Z2-22","6",22,0
"BW-Z2-22","6",23,0
"BW-Z2-22","6",24,0
"BW-Z2-22","6",25,3
"BW-Z2-22","6",27,3
"BW-Z2-22","7",21,0
"BW-Z2-22","7",22,0
"BW-Z2-22","7",23,1
"BW-Z2-22","7",24,2
"BW-Z2-22","7",25,2
"BW-Z2-22","7",27,3
"BW-Z2-22","8",21,0
"BW-Z2-22","8",22,1
"BW-Z2-22","8",23,1
"BW-Z2-22","8",24,2
"BW-Z2-22","8",25,2
"BW-Z2-22","8",27,1
"BW-Z2-22","9",21,1
"BW-Z2-22","9",22,1
"BW-Z2-22","9",23,0
"BW-Z2-22","9",24,3
"BW-Z2-22","9",25,2
"BW-Z2-22","9",27,3
"BW-Z3-22","1",22,0
"BW-Z3-22","1",23,0
"BW-Z3-22","1",24,4
"BW-Z3-22","1",25,5
"BW-Z3-22","1",26,2
"BW-Z3-22","1",27,5
"BW-Z3-22","10",22,4
"BW-Z3-22","10",23,1
"BW-Z3-22","10",24,3
"BW-Z3-22","10",25,3
"BW-Z3-22","10",26,1
"BW-Z3-22","10",27,6
"BW-Z3-22","2",22,2
"BW-Z3-22","2",23,1
"BW-Z3-22","2",24,1
"BW-Z3-22","2",25,3
"BW-Z3-22","2",26,2
"BW-Z3-22","2",27,4
"BW-Z3-22","3",22,0
"BW-Z3-22","3",23,1
"BW-Z3-22","3",24,2
"BW-Z3-22","3",25,0
"BW-Z3-22","3",26,1
"BW-Z3-22","3",27,3
"BW-Z3-22","4",22,3
"BW-Z3-22","4",23,0
"BW-Z3-22","4",24,0
"BW-Z3-22","4",25,3
"BW-Z3-22","4",26,5
"BW-Z3-22","4",27,3
"BW-Z3-22","5",22,1
"BW-Z3-22","5",23,1
"BW-Z3-22","5",24,1
"BW-Z3-22","5",25,1
"BW-Z3-22","5",26,0
"BW-Z3-22","5",27,3
"BW-Z3-22","6",22,2
"BW-Z3-22","6",23,0
"BW-Z3-22","6",24,1
"BW-Z3-22","6",25,2
"BW-Z3-22","6",26,3
"BW-Z3-22","6",27,3
"BW-Z3-22","7",22,3
"BW-Z3-22","7",23,0
"BW-Z3-22","7",24,0
"BW-Z3-22","7",25,0
"BW-Z3-22","7",26,1
"BW-Z3-22","7",27,2
"BW-Z3-22","8",22,0
"BW-Z3-22","8",23,1
"BW-Z3-22","8",24,2
"BW-Z3-22","8",25,1
"BW-Z3-22","8",26,4
"BW-Z3-22","8",27,3
"BW-Z3-22","9",22,1
"BW-Z3-22","9",23,0
"BW-Z3-22","9",24,1
"BW-Z3-22","9",25,3
"BW-Z3-22","9",26,4
"BW-Z3-22","9",27,4
"BY-TS-23","1",23,4
"BY-TS-23","1",24,0
"BY-TS-23","1",25,2
"BY-TS-23","1",26,2
"BY-TS-23","2",23,3
"BY-TS-23","2",24,2
"BY-TS-23","2",25,4
"BY-TS-23","2",26,4
"BY-TS-23","3",23,3
"BY-TS-23","3",24,3
"BY-TS-23","3",25,5
"BY-TS-23","3",26,3
"BY-TS-23","4",23,1
"BY-TS-23","4",24,2
"BY-TS-23","4",25,4
"BY-TS-23","4",26,4
"HE-LL-18","1",25,3
"HE-LL-18","1",26,2
"HE-LL-18","10",25,4
"HE-LL-18","10",26,3
"HE-LL-18","11",25,2
"HE-LL-18","11",26,2
"HE-LL-18","12",25,7
"HE-LL-18","12",26,3
"HE-LL-18","13",25,4
"HE-LL-18","13",26,4
"HE-LL-18","14",25,5
"HE-LL-18","14",26,5
"HE-LL-18","15",25,1
"HE-LL-18","15",26,0
"HE-LL-18","16",25,2
"HE-LL-18","16",26,1
"HE-LL-18","17",25,2
"HE-LL-18","17",26,1
"HE-LL-18","18",25,5
"HE-LL-18","18",26,3
"HE-LL-18","2",25,4
"HE-LL-18","2",26,1
"HE-LL-18","3",25,5
"HE-LL-18","3",26,3
"HE-LL-18","4",25,3
"HE-LL-18","4",26,4
"HE-LL-18","5",25,4
"HE-LL-18","5",26,3
"HE-LL-18","6",25,4
"HE-LL-18","6",26,0
"HE-LL-18","7",25,4
"HE-LL-18","7",26,1
"HE-LL-18","8",25,3
"HE-LL-18","8",26,1
"HE-LL-18","9",25,3
"HE-LL-18","9",26,2
"HE-UG-18","1",25,3
"HE-UG-18","1",26,1
"HE-UG-18","10",25,1
"HE-UG-18","10",26,0
"HE-UG-18","11",25,0
"HE-UG-18","11",26,0
"HE-UG-18","2",25,3
"HE-UG-18","2",26,0
"HE-UG-18","3",25,2
"HE-UG-18","3",26,0
"HE-UG-18","4",25,6
"HE-UG-18","4",26,0
"HE-UG-18","5",25,3
"HE-UG-18","5",26,1
"HE-UG-18","6",25,3
"HE-UG-18","6",26,0
"HE-UG-18","7",25,0
"HE-UG-18","7",26,0
"HE-UG-18","8",25,3
"HE-UG-18","8",26,0
"HE-UG-18","9",25,2
"HE-UG-18","9",26,0
"MV-EH-20","1",22,0
"MV-EH-20","1",23,0
"MV-EH-20","1",25,5
"MV-EH-20","1",26,2
"MV-EH-20","1",27,1
"MV-EH-20","1",28,0
"MV-EH-20","1",29,1
"MV-EH-20","1",30,3
"MV-EH-20","1",31,2
"MV-EH-20","2",22,1
"MV-EH-20","2",23,0
"MV-EH-20","2",25,2
"MV-EH-20","2",26,5
"MV-EH-20","2",27,1
"MV-EH-20","2",28,3
"MV-EH-20","2",29,2
"MV-EH-20","2",30,5
"MV-EH-20","2",31,3
"MV-EH-20","3",22,0
"MV-EH-20","3",23,0
"MV-EH-20","3",25,3
"MV-EH-20","3",26,5
"MV-EH-20","3",27,3
"MV-EH-20","3",28,5
"MV-EH-20","3",29,4
"MV-EH-20","3",30,6
"MV-EH-20","3",31,5
"MV-EH-20","4",22,2
"MV-EH-20","4",23,0
"MV-EH-20","4",25,1
"MV-EH-20","4",26,3
"MV-EH-20","4",27,2
"MV-EH-20","4",28,3
"MV-EH-20","4",29,2
"MV-EH-20","4",30,5
"MV-EH-20","4",31,0
"MV-EH-20","5",22,1
"MV-EH-20","5",23,0
"MV-EH-20","5",25,3
"MV-EH-20","5",26,2
"MV-EH-20","5",27,0
"MV-EH-20","5",28,4
"MV-EH-20","5",29,3
"MV-EH-20","5",30,1
"MV-EH-20","5",31,0
"MV-EH-20","6",22,1
"MV-EH-20","6",23,1
"MV-EH-20","6",25,2
"MV-EH-20","6",26,2
"MV-EH-20","6",27,1
"MV-EH-20","6",28,3
"MV-EH-20","6",29,1
"MV-EH-20","6",30,1
"MV-EH-20","6",31,0
"MV-EH-21","1",23,0
"MV-EH-21","1",24,0
"MV-EH-21","1",25,0
"MV-EH-21","1",27,0
"MV-EH-21","1",28,2
"MV-EH-21","1",29,4
"MV-EH-21","1",30,3
"MV-EH-21","2",23,2
"MV-EH-21","2",24,3
"MV-EH-21","2",25,0
"MV-EH-21","2",27,1
"MV-EH-21","2",28,1
"MV-EH-21","2",29,2
"MV-EH-21","2",30,1
"MV-EH-21","3",23,0
"MV-EH-21","3",24,1
"MV-EH-21","3",25,1
"MV-EH-21","3",27,0
"MV-EH-21","3",28,5
"MV-EH-21","3",29,4
"MV-EH-21","3",30,3
"MV-EH-21","4",23,0
"MV-EH-21","4",24,2
"MV-EH-21","4",25,0
"MV-EH-21","4",27,1
"MV-EH-21","4",28,6
"MV-EH-21","4",29,1
"MV-EH-21","4",30,2
"MV-EH-21","5",23,2
"MV-EH-21","5",24,2
"MV-EH-21","5",25,0
"MV-EH-21","5",27,0
"MV-EH-21","5",28,3
"MV-EH-21","5",29,1
"MV-EH-21","5",30,6
"MV-EH-21","6",23,0
"MV-EH-21","6",24,2
"MV-EH-21","6",25,1
"MV-EH-21","6",27,0
"MV-EH-21","6",28,5
"MV-EH-21","6",29,2
"MV-EH-21","6",30,2
"MV-EH-22","1",22,1
"MV-EH-22","1",23,1
"MV-EH-22","1",24,1
"MV-EH-22","1",25,2
"MV-EH-22","1",26,2
"MV-EH-22","1",27,0
"MV-EH-22","1",28,0
"MV-EH-22","1",29,3
"MV-EH-22","1",30,1
"MV-EH-22","1",31,0
"MV-EH-22","10",22,0
"MV-EH-22","10",23,2
"MV-EH-22","10",24,0
"MV-EH-22","10",25,2
"MV-EH-22","10",26,2
"MV-EH-22","10",27,0
"MV-EH-22","10",28,1
"MV-EH-22","10",29,2
"MV-EH-22","10",30,1
"MV-EH-22","10",31,0
"MV-EH-22","11",22,0
"MV-EH-22","11",23,2
"MV-EH-22","11",24,0
"MV-EH-22","11",25,1
"MV-EH-22","11",26,1
"MV-EH-22","11",27,0
"MV-EH-22","11",28,0
"MV-EH-22","11",29,0
"MV-EH-22","11",30,2
"MV-EH-22","11",31,0
"MV-EH-22","2",22,2
"MV-EH-22","2",23,1
"MV-EH-22","2",24,1
"MV-EH-22","2",25,4
"MV-EH-22","2",26,2
"MV-EH-22","2",27,0
"MV-EH-22","2",28,1
"MV-EH-22","2",29,3
"MV-EH-22","2",30,1
"MV-EH-22","2",31,1
"MV-EH-22","3",22,1
"MV-EH-22","3",23,3
"MV-EH-22","3",24,3
"MV-EH-22","3",25,6
"MV-EH-22","3",26,5
"MV-EH-22","3",27,0
"MV-EH-22","3",28,1
"MV-EH-22","3",29,2
"MV-EH-22","3",30,1
"MV-EH-22","3",31,0
"MV-EH-22","4",22,0
"MV-EH-22","4",23,4
"MV-EH-22","4",24,0
"MV-EH-22","4",25,4
"MV-EH-22","4",26,2
"MV-EH-22","4",27,1
"MV-EH-22","4",28,0
"MV-EH-22","4",29,2
"MV-EH-22","4",30,1
"MV-EH-22","4",31,0
"MV-EH-22","5",22,2
"MV-EH-22","5",23,0
"MV-EH-22","5",24,0
"MV-EH-22","5",25,3
"MV-EH-22","5",26,1
"MV-EH-22","5",27,0
"MV-EH-22","5",28,0
"MV-EH-22","5",29,1
"MV-EH-22","5",30,0
"MV-EH-22","5",31,0
"MV-EH-22","6",22,1
"MV-EH-22","6",23,1
"MV-EH-22","6",24,1
"MV-EH-22","6",25,2
"MV-EH-22","6",26,1
"MV-EH-22","6",27,0
"MV-EH-22","6",28,0
"MV-EH-22","6",29,2
"MV-EH-22","6",30,0
"MV-EH-22","6",31,0
"MV-EH-22","7",22,1
"MV-EH-22","7",23,0
"MV-EH-22","7",24,2
"MV-EH-22","7",25,3
"MV-EH-22","7",26,2
"MV-EH-22","7",27,0
"MV-EH-22","7",28,0
"MV-EH-22","7",29,2
"MV-EH-22","7",30,0
"MV-EH-22","7",31,0
"MV-EH-22","8",22,0
"MV-EH-22","8",23,2
"MV-EH-22","8",24,1
"MV-EH-22","8",25,3
"MV-EH-22","8",26,1
"MV-EH-22","8",27,0
"MV-EH-22","8",28,0
"MV-EH-22","8",29,2
"MV-EH-22","8",30,2
"MV-EH-22","8",31,0
"MV-EH-22","9",22,1
"MV-EH-22","9",23,2
"MV-EH-22","9",24,0
"MV-EH-22","9",25,1
"MV-EH-22","9",26,1
"MV-EH-22","9",27,1
"MV-EH-22","9",28,4
"MV-EH-22","9",29,2
"MV-EH-22","9",30,1
"MV-EH-22","9",31,0
"MV-EH-23","1",22,0
"MV-EH-23","1",23,1
"MV-EH-23","1",24,1
"MV-EH-23","1",25,1
"MV-EH-23","1",26,2
"MV-EH-23","1",27,0
"MV-EH-23","1",28,0
"MV-EH-23","1",29,1
"MV-EH-23","1",30,1
"MV-EH-23","10",22,0
"MV-EH-23","10",23,0
"MV-EH-23","10",24,2
"MV-EH-23","10",25,3
"MV-EH-23","10",26,0
"MV-EH-23","10",27,1
"MV-EH-23","10",28,1
"MV-EH-23","10",29,4
"MV-EH-23","10",30,2
"MV-EH-23","11",22,1
"MV-EH-23","11",23,1
"MV-EH-23","11",24,3
"MV-EH-23","11",25,6
"MV-EH-23","11",26,1
"MV-EH-23","11",27,2
"MV-EH-23","11",28,1
"MV-EH-23","11",29,5
"MV-EH-23","11",30,2
"MV-EH-23","2",22,1
"MV-EH-23","2",23,1
"MV-EH-23","2",24,1
"MV-EH-23","2",25,3
"MV-EH-23","2",26,2
"MV-EH-23","2",27,1
"MV-EH-23","2",28,0
"MV-EH-23","2",29,0
"MV-EH-23","2",30,2
"MV-EH-23","3",22,0
"MV-EH-23","3",23,2
"MV-EH-23","3",24,1
"MV-EH-23","3",25,3
"MV-EH-23","3",26,1
"MV-EH-23","3",27,2
"MV-EH-23","3",28,1
"MV-EH-23","3",29,5
"MV-EH-23","3",30,3
"MV-EH-23","4",22,0
"MV-EH-23","4",23,0
"MV-EH-23","4",24,1
"MV-EH-23","4",25,1
"MV-EH-23","4",26,0
"MV-EH-23","4",27,4
"MV-EH-23","4",28,0
"MV-EH-23","4",29,3
"MV-EH-23","4",30,0
"MV-EH-23","5",22,2
"MV-EH-23","5",23,3
"MV-EH-23","5",24,2
"MV-EH-23","5",25,1
"MV-EH-23","5",26,2
"MV-EH-23","5",27,1
"MV-EH-23","5",28,0
"MV-EH-23","5",29,8
"MV-EH-23","5",30,1
"MV-EH-23","6",22,0
"MV-EH-23","6",23,4
"MV-EH-23","6",24,1
"MV-EH-23","6",25,4
"MV-EH-23","6",26,3
"MV-EH-23","6",27,3
"MV-EH-23","6",28,3
"MV-EH-23","6",29,7
"MV-EH-23","6",30,2
"MV-EH-23","7",22,0
"MV-EH-23","7",23,3
"MV-EH-23","7",24,2
"MV-EH-23","7",25,4
"MV-EH-23","7",26,3
"MV-EH-23","7",27,0
"MV-EH-23","7",28,3
"MV-EH-23","7",29,4
"MV-EH-23","7",30,0
"MV-EH-23","8",22,1
"MV-EH-23","8",23,2
"MV-EH-23","8",24,1
"MV-EH-23","8",25,4
"MV-EH-23","8",26,0
"MV-EH-23","8",27,5
"MV-EH-23","8",28,1
"MV-EH-23","8",29,5
"MV-EH-23","8",30,1
"MV-EH-23","9",22,0
"MV-EH-23","9",23,2
"MV-EH-23","9",24,3
"MV-EH-23","9",25,2
"MV-EH-23","9",26,4
"MV-EH-23","9",27,2
"MV-EH-23","9",28,1
"MV-EH-23","9",29,4
"MV-EH-23","9",30,0
"MV-EH-24","1",22,4
"MV-EH-24","1",23,1
"MV-EH-24","1",25,6
"MV-EH-24","1",27,4
"MV-EH-24","1",28,2
"MV-EH-24","1",29,2
"MV-EH-24","10",22,0
"MV-EH-24","10",23,0
"MV-EH-24","10",25,1
"MV-EH-24","10",27,1
"MV-EH-24","10",28,2
"MV-EH-24","10",29,1
"MV-EH-24","11",22,2
"MV-EH-24","11",23,0
"MV-EH-24","11",25,0
"MV-EH-24","11",27,2
"MV-EH-24","11",28,3
"MV-EH-24","11",29,0
"MV-EH-24","2",22,2
"MV-EH-24","2",23,2
"MV-EH-24","2",25,4
"MV-EH-24","2",27,3
"MV-EH-24","2",28,3
"MV-EH-24","2",29,1
"MV-EH-24","3",22,1
"MV-EH-24","3",23,0
"MV-EH-24","3",25,3
"MV-EH-24","3",27,1
"MV-EH-24","3",28,2
"MV-EH-24","3",29,0
"MV-EH-24","4",22,1
"MV-EH-24","4",23,1
"MV-EH-24","4",25,4
"MV-EH-24","4",27,2
"MV-EH-24","4",28,3
"MV-EH-24","4",29,0
"MV-EH-24","5",22,0
"MV-EH-24","5",23,1
"MV-EH-24","5",25,5
"MV-EH-24","5",27,1
"MV-EH-24","5",28,2
"MV-EH-24","5",29,2
"MV-EH-24","6",22,1
"MV-EH-24","6",23,0
"MV-EH-24","6",25,2
"MV-EH-24","6",27,1
"MV-EH-24","6",28,2
"MV-EH-24","6",29,0
"MV-EH-24","7",22,1
"MV-EH-24","7",23,1
"MV-EH-24","7",25,2
"MV-EH-24","7",27,4
"MV-EH-24","7",28,2
"MV-EH-24","7",29,2
"MV-EH-24","8",22,0
"MV-EH-24","8",23,0
"MV-EH-24","8",25,1
"MV-EH-24","8",27,1
"MV-EH-24","8",28,2
"MV-EH-24","8",29,0
"MV-EH-24","9",22,1
"MV-EH-24","9",23,0
"MV-EH-24","9",25,1
"MV-EH-24","9",27,1
"MV-EH-24","9",28,2
"MV-EH-24","9",29,0
"MV-SK-22","1",21,2
"MV-SK-22","1",22,1
"MV-SK-22","1",23,2
"MV-SK-22","1",24,0
"MV-SK-22","1",25,2
"MV-SK-22","1",26,0
"MV-SK-22","1",27,0
"MV-SK-22","2",21,0
"MV-SK-22","2",22,1
"MV-SK-22","2",23,1
"MV-SK-22","2",24,1
"MV-SK-22","2",25,0
"MV-SK-22","2",26,0
"MV-SK-22","2",27,0
"MV-SK-22","3",21,1
"MV-SK-22","3",22,1
"MV-SK-22","3",23,2
"MV-SK-22","3",24,0
"MV-SK-22","3",25,0
"MV-SK-22","3",26,0
"MV-SK-22","3",27,0
"MV-SK-22","4",21,0
"MV-SK-22","4",22,2
"MV-SK-22","4",23,2
"MV-SK-22","4",24,1
"MV-SK-22","4",25,2
"MV-SK-22","4",26,0
"MV-SK-22","4",27,1
"MV-SK-22","5",21,0
"MV-SK-22","5",22,1
"MV-SK-22","5",23,1
"MV-SK-22","5",24,2
"MV-SK-22","5",25,0
"MV-SK-22","5",26,2
"MV-SK-22","5",27,0
"MV-SK-22","6",21,0
"MV-SK-22","6",22,0
"MV-SK-22","6",23,3
"MV-SK-22","6",24,3
"MV-SK-22","6",25,0
"MV-SK-22","6",26,0
"MV-SK-22","6",27,1
"MV-SK-22","7",21,0
"MV-SK-22","7",22,0
"MV-SK-22","7",23,1
"MV-SK-22","7",24,1
"MV-SK-22","7",25,1
"MV-SK-22","7",26,0
"MV-SK-22","7",27,1
"MV-SK-22","8",21,0
"MV-SK-22","8",22,0
"MV-SK-22","8",23,4
"MV-SK-22","8",24,3
"MV-SK-22","8",25,1
"MV-SK-22","8",26,1
"MV-SK-22","8",27,0
"MV-SK-23","1",22,3
"MV-SK-23","1",23,6
"MV-SK-23","1",24,3
"MV-SK-23","1",26,9
"MV-SK-23","2",22,2
"MV-SK-23","2",23,7
"MV-SK-23","2",24,5
"MV-SK-23","2",26,4
"MV-SK-23","3",22,3
"MV-SK-23","3",23,5
"MV-SK-23","3",24,3
"MV-SK-23","3",26,5
"MV-SK-23","4",22,2
"MV-SK-23","4",23,4
"MV-SK-23","4",24,1
"MV-SK-23","4",26,6
"MV-SK-23","5",22,4
"MV-SK-23","5",23,5
"MV-SK-23","5",24,3
"MV-SK-23","5",26,5
"MV-SK-24","1",22,0
"MV-SK-24","1",23,0
"MV-SK-24","1",24,2
"MV-SK-24","1",25,2
"MV-SK-24","1",26,0
"MV-SK-24","10",22,0
"MV-SK-24","10",23,0
"MV-SK-24","10",24,0
"MV-SK-24","10",25,1
"MV-SK-24","10",26,0
"MV-SK-24","11",22,0
"MV-SK-24","11",23,0
"MV-SK-24","11",24,1
"MV-SK-24","11",25,0
"MV-SK-24","11",26,0
"MV-SK-24","2",22,2
"MV-SK-24","2",23,1
"MV-SK-24","2",24,2
"MV-SK-24","2",25,2
"MV-SK-24","2",26,1
"MV-SK-24","3",22,3
"MV-SK-24","3",23,1
"MV-SK-24","3",24,3
"MV-SK-24","3",25,3
"MV-SK-24","3",26,0
"MV-SK-24","4",22,1
"MV-SK-24","4",23,1
"MV-SK-24","4",24,3
"MV-SK-24","4",25,0
"MV-SK-24","4",26,0
"MV-SK-24","5",22,4
"MV-SK-24","5",23,1
"MV-SK-24","5",24,0
"MV-SK-24","5",25,2
"MV-SK-24","5",26,1
"MV-SK-24","6",22,0
"MV-SK-24","6",23,1
"MV-SK-24","6",24,1
"MV-SK-24","6",25,3
"MV-SK-24","6",26,0
"MV-SK-24","7",22,0
"MV-SK-24","7",23,2
"MV-SK-24","7",24,1
"MV-SK-24","7",25,2
"MV-SK-24","7",26,0
"MV-SK-24","8",22,0
"MV-SK-24","8",23,1
"MV-SK-24","8",24,1
"MV-SK-24","8",25,3
"MV-SK-24","8",26,0
"MV-SK-24","9",22,0
"MV-SK-24","9",23,0
"MV-SK-24","9",24,0
"MV-SK-24","9",25,1
"MV-SK-24","9",26,0
"NI-AG-23","1",22,0
"NI-AG-23","1",23,3
"NI-AG-23","1",24,3
"NI-AG-23","1",25,2
"NI-AG-23","1",26,2
"NI-AG-23","1",27,3
"NI-AG-23","2",22,0
"NI-AG-23","2",23,1
"NI-AG-23","2",24,1
"NI-AG-23","2",25,3
"NI-AG-23","2",26,0
"NI-AG-23","2",27,1
"NI-AG-23","3",22,0
"NI-AG-23","3",23,0
"NI-AG-23","3",24,0
"NI-AG-23","3",25,4
"NI-AG-23","3",26,1
"NI-AG-23","3",27,1
"NI-AG-23","4",22,0
"NI-AG-23","4",23,2
"NI-AG-23","4",24,3
"NI-AG-23","4",25,3
"NI-AG-23","4",26,3
"NI-AG-23","4",27,2
"NI-AG-23","5",22,0
"NI-AG-23","5",23,1
"NI-AG-23","5",24,2
"NI-AG-23","5",25,3
"NI-AG-23","5",26,2
"NI-AG-23","5",27,3
"NI-AG-23","6",22,1
"NI-AG-23","6",23,3
"NI-AG-23","6",24,1
"NI-AG-23","6",25,4
"NI-AG-23","6",26,0
"NI-AG-23","6",27,1
"NI-CG-17","1",20,0
"NI-CG-17","1",21,1
"NI-CG-17","1",22,2
"NI-CG-17","1",23,0
"NI-CG-17","1",24,1
"NI-CG-17","1",25,0
"NI-CG-17","1",26,0
"NI-CG-17","1",27,4
"NI-CG-17","2",20,1
"NI-CG-17","2",21,2
"NI-CG-17","2",22,2
"NI-CG-17","2",23,0
"NI-CG-17","2",24,3
"NI-CG-17","2",25,1
"NI-CG-17","2",26,0
"NI-CG-17","2",27,3
"NI-CG-17","3",20,0
"NI-CG-17","3",21,1
"NI-CG-17","3",22,0
"NI-CG-17","3",23,1
"NI-CG-17","3",24,0
"NI-CG-17","3",25,0
"NI-CG-17","3",26,0
"NI-CG-17","3",27,3
"NI-CG-17","4",20,0
"NI-CG-17","4",21,0
"NI-CG-17","4",22,0
"NI-CG-17","4",23,0
"NI-CG-17","4",24,0
"NI-CG-17","4",25,0
"NI-CG-17","4",26,0
"NI-CG-17","4",27,1
"NI-CG-18","1",21,2
"NI-CG-18","1",22,1
"NI-CG-18","1",23,2
"NI-CG-18","1",24,1
"NI-CG-18","1",25,1
"NI-CG-18","1",26,0
"NI-CG-18","2",21,2
"NI-CG-18","2",22,0
"NI-CG-18","2",23,0
"NI-CG-18","2",24,3
"NI-CG-18","2",25,1
"NI-CG-18","2",26,0
"NI-CG-18","3",21,1
"NI-CG-18","3",22,1
"NI-CG-18","3",23,3
"NI-CG-18","3",24,1
"NI-CG-18","3",25,0
"NI-CG-18","3",26,0
"NI-CG-18","4",21,1
"NI-CG-18","4",22,0
"NI-CG-18","4",23,1
"NI-CG-18","4",24,0
"NI-CG-18","4",25,1
"NI-CG-18","4",26,0
"NI-CG-18","5",21,3
"NI-CG-18","5",22,0
"NI-CG-18","5",23,1
"NI-CG-18","5",24,1
"NI-CG-18","5",25,0
"NI-CG-18","5",26,0
"NI-CG-19","1",21,1
"NI-CG-19","1",22,2
"NI-CG-19","1",23,0
"NI-CG-19","1",24,0
"NI-CG-19","1",26,2
"NI-CG-19","2",21,0
"NI-CG-19","2",22,1
"NI-CG-19","2",23,0
"NI-CG-19","2",24,0
"NI-CG-19","2",26,2
"NI-CG-19","3",21,1
"NI-CG-19","3",22,1
"NI-CG-19","3",23,0
"NI-CG-19","3",24,1
"NI-CG-19","3",26,2
"NI-CG-19","4",21,1
"NI-CG-19","4",22,2
"NI-CG-19","4",23,0
"NI-CG-19","4",24,2
"NI-CG-19","4",26,1
"NI-CG-19","5",21,0
"NI-CG-19","5",22,0
"NI-CG-19","5",23,0
"NI-CG-19","5",24,1
"NI-CG-19","5",26,2
"NI-HO-18","1",20,1
"NI-HO-18","1",21,0
"NI-HO-18","1",22,0
"NI-HO-18","1",23,1
"NI-HO-18","1",24,1
"NI-HO-18","2",20,1
"NI-HO-18","2",21,2
"NI-HO-18","2",22,2
"NI-HO-18","2",23,4
"NI-HO-18","2",24,3
"NI-HO-18","3",20,1
"NI-HO-18","3",21,4
"NI-HO-18","3",22,3
"NI-HO-18","3",23,5
"NI-HO-18","3",24,9
"NI-HO-18","4",20,2
"NI-HO-18","4",21,0
"NI-HO-18","4",22,0
"NI-HO-18","4",23,3
"NI-HO-18","4",24,3
"NI-MT-17","1",20,1
"NI-MT-17","1",21,0
"NI-MT-17","1",22,0
"NI-MT-17","1",23,0
"NI-MT-17","1",24,0
"NI-MT-17","1",25,0
"NI-MT-17","1",26,0
"NI-MT-17","1",27,0
"NI-MT-17","1",28,0
"NI-MT-17","2",20,0
"NI-MT-17","2",21,0
"NI-MT-17","2",22,0
"NI-MT-17","2",23,1
"NI-MT-17","2",24,2
"NI-MT-17","2",25,0
"NI-MT-17","2",26,0
"NI-MT-17","2",27,0
"NI-MT-17","2",28,0
"NI-MT-17","3",20,0
"NI-MT-17","3",21,0
"NI-MT-17","3",22,0
"NI-MT-17","3",23,0
"NI-MT-17","3",24,1
"NI-MT-17","3",25,0
"NI-MT-17","3",26,0
"NI-MT-17","3",27,0
"NI-MT-17","3",28,0
"NI-MT-17","4",20,1
"NI-MT-17","4",21,0
"NI-MT-17","4",22,0
"NI-MT-17","4",23,0
"NI-MT-17","4",24,0
"NI-MT-17","4",25,0
"NI-MT-17","4",26,0
"NI-MT-17","4",27,0
"NI-MT-17","4",28,0
"NI-MT-17","5",20,1
"NI-MT-17","5",21,0
"NI-MT-17","5",22,0
"NI-MT-17","5",23,0
"NI-MT-17","5",24,0
"NI-MT-17","5",25,0
"NI-MT-17","5",26,0
"NI-MT-17","5",27,0
"NI-MT-17","5",28,0
"NI-MT-17","6",20,0
"NI-MT-17","6",21,0
"NI-MT-17","6",22,0
"NI-MT-17","6",23,1
"NI-MT-17","6",24,0
"NI-MT-17","6",25,0
"NI-MT-17","6",26,0
"NI-MT-17","6",27,0
"NI-MT-17","6",28,0
"NI-MT-17","7",20,1
"NI-MT-17","7",21,0
"NI-MT-17","7",22,0
"NI-MT-17","7",23,1
"NI-MT-17","7",24,1
"NI-MT-17","7",25,0
"NI-MT-17","7",26,0
"NI-MT-17","7",27,0
"NI-MT-17","7",28,2
"NI-MT-17","8",20,0
"NI-MT-17","8",21,0
"NI-MT-17","8",22,0
"NI-MT-17","8",23,0
"NI-MT-17","8",24,0
"NI-MT-17","8",25,0
"NI-MT-17","8",26,0
"NI-MT-17","8",27,0
"NI-MT-17","8",28,2
"NI-MT-17","9",20,0
"NI-MT-17","9",21,2
"NI-MT-17","9",22,0
"NI-MT-17","9",23,2
"NI-MT-17","9",24,1
"NI-MT-17","9",25,0
"NI-MT-17","9",26,0
"NI-MT-17","9",27,0
"NI-MT-17","9",28,3
"NI-N1-24","1",22,3
"NI-N1-24","1",24,3
"NI-N1-24","1",25,4
"NI-N1-24","1",27,6
"NI-N1-24","10",22,2
"NI-N1-24","10",24,4
"NI-N1-24","10",25,1
"NI-N1-24","10",27,2
"NI-N1-24","2",22,3
"NI-N1-24","2",24,2
"NI-N1-24","2",25,5
"NI-N1-24","2",27,2
"NI-N1-24","3",22,3
"NI-N1-24","3",24,2
"NI-N1-24","3",25,3
"NI-N1-24","3",27,4
"NI-N1-24","4",22,4
"NI-N1-24","4",24,2
"NI-N1-24","4",25,1
"NI-N1-24","4",27,0
"NI-N1-24","5",22,2
"NI-N1-24","5",24,0
"NI-N1-24","5",25,3
"NI-N1-24","5",27,0
"NI-N1-24","6",22,2
"NI-N1-24","6",24,1
"NI-N1-24","6",25,1
"NI-N1-24","6",27,2
"NI-N1-24","7",22,3
"NI-N1-24","7",24,2
"NI-N1-24","7",25,1
"NI-N1-24","7",27,2
"NI-N1-24","8",22,1
"NI-N1-24","8",24,1
"NI-N1-24","8",25,1
"NI-N1-24","8",27,0
"NI-N1-24","9",22,1
"NI-N1-24","9",24,2
"NI-N1-24","9",25,3
"NI-N1-24","9",27,3
"NI-N2-24","1",22,5
"NI-N2-24","1",24,0
"NI-N2-24","1",25,2
"NI-N2-24","1",27,1
"NI-N2-24","10",22,1
"NI-N2-24","10",24,4
"NI-N2-24","10",25,1
"NI-N2-24","10",27,2
"NI-N2-24","2",22,3
"NI-N2-24","2",24,1
"NI-N2-24","2",25,2
"NI-N2-24","2",27,1
"NI-N2-24","3",22,2
"NI-N2-24","3",24,1
"NI-N2-24","3",25,5
"NI-N2-24","3",27,1
"NI-N2-24","4",22,1
"NI-N2-24","4",24,0
"NI-N2-24","4",25,3
"NI-N2-24","4",27,4
"NI-N2-24","5",22,1
"NI-N2-24","5",24,1
"NI-N2-24","5",25,2
"NI-N2-24","5",27,3
"NI-N2-24","6",22,0
"NI-N2-24","6",24,1
"NI-N2-24","6",25,2
"NI-N2-24","6",27,3
"NI-N2-24","7",22,1
"NI-N2-24","7",24,2
"NI-N2-24","7",25,1
"NI-N2-24","7",27,2
"NI-N2-24","8",22,0
"NI-N2-24","8",24,1
"NI-N2-24","8",25,1
"NI-N2-24","8",27,2
"NI-N2-24","9",22,1
"NI-N2-24","9",24,0
"NI-N2-24","9",25,1
"NI-N2-24","9",27,0
"NI-R1-24","1",22,1
"NI-R1-24","1",23,0
"NI-R1-24","1",24,3
"NI-R1-24","1",25,1
"NI-R1-24","1",26,2
"NI-R1-24","1",27,2
"NI-R1-24","1",28,2
"NI-R1-24","10",22,2
"NI-R1-24","10",23,0
"NI-R1-24","10",24,0
"NI-R1-24","10",25,0
"NI-R1-24","10",26,2
"NI-R1-24","10",27,1
"NI-R1-24","10",28,2
"NI-R1-24","2",22,2
"NI-R1-24","2",23,1
"NI-R1-24","2",24,4
"NI-R1-24","2",25,2
"NI-R1-24","2",26,2
"NI-R1-24","2",27,3
"NI-R1-24","2",28,2
"NI-R1-24","3",22,0
"NI-R1-24","3",23,3
"NI-R1-24","3",24,2
"NI-R1-24","3",25,1
"NI-R1-24","3",26,1
"NI-R1-24","3",27,2
"NI-R1-24","3",28,0
"NI-R1-24","4",22,4
"NI-R1-24","4",23,1
"NI-R1-24","4",24,5
"NI-R1-24","4",25,1
"NI-R1-24","4",26,4
"NI-R1-24","4",27,3
"NI-R1-24","4",28,2
"NI-R1-24","5",22,1
"NI-R1-24","5",23,1
"NI-R1-24","5",24,2
"NI-R1-24","5",25,0
"NI-R1-24","5",26,0
"NI-R1-24","5",27,3
"NI-R1-24","5",28,2
"NI-R1-24","6",22,1
"NI-R1-24","6",23,3
"NI-R1-24","6",24,3
"NI-R1-24","6",25,2
"NI-R1-24","6",26,0
"NI-R1-24","6",27,6
"NI-R1-24","6",28,2
"NI-R1-24","7",22,3
"NI-R1-24","7",23,1
"NI-R1-24","7",24,1
"NI-R1-24","7",25,0
"NI-R1-24","7",26,2
"NI-R1-24","7",27,3
"NI-R1-24","7",28,0
"NI-R1-24","8",22,0
"NI-R1-24","8",23,0
"NI-R1-24","8",24,0
"NI-R1-24","8",25,3
"NI-R1-24","8",26,1
"NI-R1-24","8",27,0
"NI-R1-24","8",28,0
"NI-R1-24","9",22,1
"NI-R1-24","9",23,3
"NI-R1-24","9",24,1
"NI-R1-24","9",25,2
"NI-R1-24","9",26,2
"NI-R1-24","9",27,2
"NI-R1-24","9",28,1
"NI-R2-24","1",22,4
"NI-R2-24","1",24,1
"NI-R2-24","1",25,2
"NI-R2-24","1",26,3
"NI-R2-24","1",27,2
"NI-R2-24","1",28,4
"NI-R2-24","10",22,0
"NI-R2-24","10",24,0
"NI-R2-24","10",25,0
"NI-R2-24","10",26,2
"NI-R2-24","10",27,2
"NI-R2-24","10",28,1
"NI-R2-24","11",22,0
"NI-R2-24","11",24,0
"NI-R2-24","11",25,0
"NI-R2-24","11",26,1
"NI-R2-24","11",27,0
"NI-R2-24","11",28,1
"NI-R2-24","12",22,2
"NI-R2-24","12",24,1
"NI-R2-24","12",25,1
"NI-R2-24","12",26,1
"NI-R2-24","12",27,1
"NI-R2-24","12",28,2
"NI-R2-24","13",22,0
"NI-R2-24","13",24,2
"NI-R2-24","13",25,0
"NI-R2-24","13",26,2
"NI-R2-24","13",27,1
"NI-R2-24","13",28,2
"NI-R2-24","14",22,0
"NI-R2-24","14",24,0
"NI-R2-24","14",25,0
"NI-R2-24","14",26,2
"NI-R2-24","14",27,2
"NI-R2-24","14",28,2
"NI-R2-24","15",22,1
"NI-R2-24","15",24,1
"NI-R2-24","15",25,0
"NI-R2-24","15",26,0
"NI-R2-24","15",27,0
"NI-R2-24","15",28,2
"NI-R2-24","2",22,2
"NI-R2-24","2",24,2
"NI-R2-24","2",25,1
"NI-R2-24","2",26,2
"NI-R2-24","2",27,1
"NI-R2-24","2",28,4
"NI-R2-24","3",22,2
"NI-R2-24","3",24,4
"NI-R2-24","3",25,2
"NI-R2-24","3",26,1
"NI-R2-24","3",27,3
"NI-R2-24","3",28,1
"NI-R2-24","4",22,0
"NI-R2-24","4",24,3
"NI-R2-24","4",25,1
"NI-R2-24","4",26,1
"NI-R2-24","4",27,1
"NI-R2-24","4",28,2
"NI-R2-24","5",22,1
"NI-R2-24","5",24,0
"NI-R2-24","5",25,1
"NI-R2-24","5",26,0
"NI-R2-24","5",27,0
"NI-R2-24","5",28,3
"NI-R2-24","6",22,1
"NI-R2-24","6",24,0
"NI-R2-24","6",25,0
"NI-R2-24","6",26,1
"NI-R2-24","6",27,1
"NI-R2-24","6",28,2
"NI-R2-24","7",22,1
"NI-R2-24","7",24,1
"NI-R2-24","7",25,0
"NI-R2-24","7",26,1
"NI-R2-24","7",27,1
"NI-R2-24","7",28,3
"NI-R2-24","8",22,0
"NI-R2-24","8",24,3
"NI-R2-24","8",25,0
"NI-R2-24","8",26,1
"NI-R2-24","8",27,1
"NI-R2-24","8",28,1
"NI-R2-24","9",22,1
"NI-R2-24","9",24,0
"NI-R2-24","9",25,1
"NI-R2-24","9",26,0
"NI-R2-24","9",27,1
"NI-R2-24","9",28,2
"NI-SH-17","1",21,2
"NI-SH-17","1",22,1
"NI-SH-17","1",23,2
"NI-SH-17","1",24,0
"NI-SH-17","1",25,0
"NI-SH-17","2",21,0
"NI-SH-17","2",22,4
"NI-SH-17","2",23,0
"NI-SH-17","2",24,2
"NI-SH-17","2",25,5
"NI-SH-17","3",21,1
"NI-SH-17","3",22,1
"NI-SH-17","3",23,0
"NI-SH-17","3",24,1
"NI-SH-17","3",25,3
"NI-SH-17","4",21,1
"NI-SH-17","4",22,5
"NI-SH-17","4",23,0
"NI-SH-17","4",24,2
"NI-SH-17","4",25,1
"NI-SH-17","5",21,3
"NI-SH-17","5",22,2
"NI-SH-17","5",23,3
"NI-SH-17","5",24,2
"NI-SH-17","5",25,4
"NI-SH-21","1",23,1
"NI-SH-21","1",24,2
"NI-SH-21","1",25,0
"NI-SH-21","1",26,2
"NI-SH-21","1",27,0
"NI-SH-21","1",28,1
"NI-SH-21","2",23,2
"NI-SH-21","2",24,1
"NI-SH-21","2",25,0
"NI-SH-21","2",26,0
"NI-SH-21","2",27,0
"NI-SH-21","2",28,2
"NI-SH-21","3",23,2
"NI-SH-21","3",24,0
"NI-SH-21","3",25,2
"NI-SH-21","3",26,0
"NI-SH-21","3",27,0
"NI-SH-21","3",28,3
"NI-SH-21","4",23,2
"NI-SH-21","4",24,1
"NI-SH-21","4",25,3
"NI-SH-21","4",26,1
"NI-SH-21","4",27,0
"NI-SH-21","4",28,2
"NI-SH-21","5",23,1
"NI-SH-21","5",24,2
"NI-SH-21","5",25,0
"NI-SH-21","5",26,0
"NI-SH-21","5",27,0
"NI-SH-21","5",28,3
"NI-SH-23","1",21,2
"NI-SH-23","1",22,2
"NI-SH-23","1",23,0
"NI-SH-23","1",24,0
"NI-SH-23","1",26,2
"NI-SH-23","2",21,0
"NI-SH-23","2",22,0
"NI-SH-23","2",23,0
"NI-SH-23","2",24,0
"NI-SH-23","2",26,3
"NI-SH-23","3",21,1
"NI-SH-23","3",22,0
"NI-SH-23","3",23,2
"NI-SH-23","3",24,0
"NI-SH-23","3",26,1
"NI-SH-23","4",21,0
"NI-SH-23","4",22,0
"NI-SH-23","4",23,1
"NI-SH-23","4",24,1
"NI-SH-23","4",26,1
"NI-SH-23","5",21,2
"NI-SH-23","5",22,2
"NI-SH-23","5",23,1
"NI-SH-23","5",24,1
"NI-SH-23","5",26,1
"NI-SH-23","6",21,3
"NI-SH-23","6",22,0
"NI-SH-23","6",23,2
"NI-SH-23","6",24,0
"NI-SH-23","6",26,4
"NI-V1-24","1",21,3
"NI-V1-24","1",22,1
"NI-V1-24","1",23,0
"NI-V1-24","1",24,4
"NI-V1-24","1",25,5
"NI-V1-24","1",26,4
"NI-V1-24","1",27,2
"NI-V1-24","10",21,0
"NI-V1-24","10",22,0
"NI-V1-24","10",23,2
"NI-V1-24","10",24,2
"NI-V1-24","10",25,2
"NI-V1-24","10",26,2
"NI-V1-24","10",27,2
"NI-V1-24","2",21,3
"NI-V1-24","2",22,3
"NI-V1-24","2",23,1
"NI-V1-24","2",24,4
"NI-V1-24","2",25,3
"NI-V1-24","2",26,2
"NI-V1-24","2",27,4
"NI-V1-24","3",21,3
"NI-V1-24","3",22,1
"NI-V1-24","3",23,1
"NI-V1-24","3",24,3
"NI-V1-24","3",25,1
"NI-V1-24","3",26,1
"NI-V1-24","3",27,2
"NI-V1-24","4",21,4
"NI-V1-24","4",22,2
"NI-V1-24","4",23,0
"NI-V1-24","4",24,3
"NI-V1-24","4",25,5
"NI-V1-24","4",26,2
"NI-V1-24","4",27,2
"NI-V1-24","5",21,0
"NI-V1-24","5",22,0
"NI-V1-24","5",23,0
"NI-V1-24","5",24,1
"NI-V1-24","5",25,4
"NI-V1-24","5",26,0
"NI-V1-24","5",27,2
"NI-V1-24","6",21,0
"NI-V1-24","6",22,3
"NI-V1-24","6",23,1
"NI-V1-24","6",24,3
"NI-V1-24","6",25,3
"NI-V1-24","6",26,1
"NI-V1-24","6",27,3
"NI-V1-24","7",21,0
"NI-V1-24","7",22,0
"NI-V1-24","7",23,0
"NI-V1-24","7",24,2
"NI-V1-24","7",25,2
"NI-V1-24","7",26,1
"NI-V1-24","7",27,2
"NI-V1-24","8",21,1
"NI-V1-24","8",22,1
"NI-V1-24","8",23,1
"NI-V1-24","8",24,2
"NI-V1-24","8",25,2
"NI-V1-24","8",26,2
"NI-V1-24","8",27,1
"NI-V1-24","9",21,0
"NI-V1-24","9",22,0
"NI-V1-24","9",23,0
"NI-V1-24","9",24,1
"NI-V1-24","9",25,1
"NI-V1-24","9",26,3
"NI-V1-24","9",27,3
"NI-V2-24","1",22,3
"NI-V2-24","1",23,1
"NI-V2-24","1",24,3
"NI-V2-24","1",25,4
"NI-V2-24","1",26,5
"NI-V2-24","1",27,2
"NI-V2-24","10",22,0
"NI-V2-24","10",23,2
"NI-V2-24","10",24,2
"NI-V2-24","10",25,2
"NI-V2-24","10",26,4
"NI-V2-24","10",27,0
"NI-V2-24","2",22,2
"NI-V2-24","2",23,1
"NI-V2-24","2",24,4
"NI-V2-24","2",25,3
"NI-V2-24","2",26,4
"NI-V2-24","2",27,4
"NI-V2-24","3",22,1
"NI-V2-24","3",23,1
"NI-V2-24","3",24,5
"NI-V2-24","3",25,1
"NI-V2-24","3",26,4
"NI-V2-24","3",27,3
"NI-V2-24","4",22,1
"NI-V2-24","4",23,1
"NI-V2-24","4",24,3
"NI-V2-24","4",25,3
"NI-V2-24","4",26,3
"NI-V2-24","4",27,2
"NI-V2-24","5",22,0
"NI-V2-24","5",23,0
"NI-V2-24","5",24,3
"NI-V2-24","5",25,2
"NI-V2-24","5",26,0
"NI-V2-24","5",27,1
"NI-V2-24","6",22,0
"NI-V2-24","6",23,0
"NI-V2-24","6",24,2
"NI-V2-24","6",25,2
"NI-V2-24","6",26,2
"NI-V2-24","6",27,2
"NI-V2-24","7",22,1
"NI-V2-24","7",23,0
"NI-V2-24","7",24,1
"NI-V2-24","7",25,3
"NI-V2-24","7",26,2
"NI-V2-24","7",27,1
"NI-V2-24","8",22,1
"NI-V2-24","8",23,1
"NI-V2-24","8",24,1
"NI-V2-24","8",25,1
"NI-V2-24","8",26,2
"NI-V2-24","8",27,1
"NI-V2-24","9",22,1
"NI-V2-24","9",23,1
"NI-V2-24","9",24,0
"NI-V2-24","9",25,1
"NI-V2-24","9",26,1
"NI-V2-24","9",27,1
"NI-W1-24","1",21,3
"NI-W1-24","1",23,4
"NI-W1-24","1",24,5
"NI-W1-24","1",25,8
"NI-W1-24","1",26,6
"NI-W1-24","10",21,4
"NI-W1-24","10",23,1
"NI-W1-24","10",24,2
"NI-W1-24","10",25,0
"NI-W1-24","10",26,3
"NI-W1-24","2",21,2
"NI-W1-24","2",23,1
"NI-W1-24","2",24,3
"NI-W1-24","2",25,6
"NI-W1-24","2",26,3
"NI-W1-24","3",21,1
"NI-W1-24","3",23,5
"NI-W1-24","3",24,3
"NI-W1-24","3",25,6
"NI-W1-24","3",26,4
"NI-W1-24","4",21,2
"NI-W1-24","4",23,3
"NI-W1-24","4",24,2
"NI-W1-24","4",25,7
"NI-W1-24","4",26,3
"NI-W1-24","5",21,2
"NI-W1-24","5",23,1
"NI-W1-24","5",24,7
"NI-W1-24","5",25,7
"NI-W1-24","5",26,3
"NI-W1-24","6",21,0
"NI-W1-24","6",23,2
"NI-W1-24","6",24,2
"NI-W1-24","6",25,3
"NI-W1-24","6",26,2
"NI-W1-24","7",21,1
"NI-W1-24","7",23,0
"NI-W1-24","7",24,3
"NI-W1-24","7",25,3
"NI-W1-24","7",26,1
"NI-W1-24","8",21,0
"NI-W1-24","8",23,2
"NI-W1-24","8",24,1
"NI-W1-24","8",25,3
"NI-W1-24","8",26,0
"NI-W1-24","9",21,3
"NI-W1-24","9",23,1
"NI-W1-24","9",24,0
"NI-W1-24","9",25,0
"NI-W1-24","9",26,0
"NI-W2-24","1",22,1
"NI-W2-24","1",23,2
"NI-W2-24","1",24,2
"NI-W2-24","1",25,4
"NI-W2-24","1",26,0
"NI-W2-24","10",22,0
"NI-W2-24","10",23,2
"NI-W2-24","10",24,2
"NI-W2-24","10",25,2
"NI-W2-24","10",26,2
"NI-W2-24","2",22,1
"NI-W2-24","2",23,1
"NI-W2-24","2",24,0
"NI-W2-24","2",25,5
"NI-W2-24","2",26,1
"NI-W2-24","3",22,2
"NI-W2-24","3",23,3
"NI-W2-24","3",24,2
"NI-W2-24","3",25,2
"NI-W2-24","3",26,1
"NI-W2-24","4",22,1
"NI-W2-24","4",23,1
"NI-W2-24","4",24,3
"NI-W2-24","4",25,1
"NI-W2-24","4",26,1
"NI-W2-24","5",22,2
"NI-W2-24","5",23,2
"NI-W2-24","5",24,3
"NI-W2-24","5",25,1
"NI-W2-24","5",26,2
"NI-W2-24","6",22,0
"NI-W2-24","6",23,1
"NI-W2-24","6",24,2
"NI-W2-24","6",25,1
"NI-W2-24","6",26,0
"NI-W2-24","7",22,1
"NI-W2-24","7",23,1
"NI-W2-24","7",24,0
"NI-W2-24","7",25,2
"NI-W2-24","7",26,1
"NI-W2-24","8",22,1
"NI-W2-24","8",23,1
"NI-W2-24","8",24,1
"NI-W2-24","8",25,0
"NI-W2-24","8",26,0
"NI-W2-24","9",22,0
"NI-W2-24","9",23,1
"NI-W2-24","9",24,1
"NI-W2-24","9",25,2
"NI-W2-24","9",26,0
"RP-DK-17","1",21,1
"RP-DK-17","1",22,2
"RP-DK-17","1",23,1
"RP-DK-17","1",24,1
"RP-DK-17","1",26,1
"RP-DK-17","1",27,0
"RP-DK-17","1",28,1
"RP-DK-17","1",29,1
"RP-DK-17","2",21,2
"RP-DK-17","2",22,1
"RP-DK-17","2",23,0
"RP-DK-17","2",24,0
"RP-DK-17","2",26,1
"RP-DK-17","2",27,0
"RP-DK-17","2",28,3
"RP-DK-17","2",29,4
"RP-DK-17","3",21,1
"RP-DK-17","3",22,1
"RP-DK-17","3",23,0
"RP-DK-17","3",24,3
"RP-DK-17","3",26,4
"RP-DK-17","3",27,2
"RP-DK-17","3",28,4
"RP-DK-17","3",29,2
"RP-DK-17","4",21,1
"RP-DK-17","4",22,2
"RP-DK-17","4",23,2
"RP-DK-17","4",24,3
"RP-DK-17","4",26,2
"RP-DK-17","4",27,2
"RP-DK-17","4",28,4
"RP-DK-17","4",29,2
"RP-DK-17","5",21,0
"RP-DK-17","5",22,1
"RP-DK-17","5",23,0
"RP-DK-17","5",24,0
"RP-DK-17","5",26,1
"RP-DK-17","5",27,5
"RP-DK-17","5",28,2
"RP-DK-17","5",29,4
"RP-DK-17","6",21,0
"RP-DK-17","6",22,1
"RP-DK-17","6",23,0
"RP-DK-17","6",24,0
"RP-DK-17","6",26,0
"RP-DK-17","6",27,0
"RP-DK-17","6",28,0
"RP-DK-17","6",29,0
"RP-DK-17","7",21,0
"RP-DK-17","7",22,1
"RP-DK-17","7",23,0
"RP-DK-17","7",24,0
"RP-DK-17","7",26,0
"RP-DK-17","7",27,0
"RP-DK-17","7",28,0
"RP-DK-17","7",29,0
"RP-DK-17","8",21,0
"RP-DK-17","8",22,0
"RP-DK-17","8",23,0
"RP-DK-17","8",24,0
"RP-DK-17","8",26,0
"RP-DK-17","8",27,0
"RP-DK-17","8",28,0
"RP-DK-17","8",29,0
"RP-DK-18","1",22,0
"RP-DK-18","1",23,0
"RP-DK-18","1",24,0
"RP-DK-18","1",25,2
"RP-DK-18","1",26,1
"RP-DK-18","1",27,0
"RP-DK-18","1",28,0
"RP-DK-18","2",22,1
"RP-DK-18","2",23,3
"RP-DK-18","2",24,0
"RP-DK-18","2",25,3
"RP-DK-18","2",26,1
"RP-DK-18","2",27,0
"RP-DK-18","2",28,0
"RP-DK-18","3",22,0
"RP-DK-18","3",23,2
"RP-DK-18","3",24,0
"RP-DK-18","3",25,0
"RP-DK-18","3",26,0
"RP-DK-18","3",27,0
"RP-DK-18","3",28,0
"RP-DK-18","4",22,2
"RP-DK-18","4",23,0
"RP-DK-18","4",24,1
"RP-DK-18","4",25,2
"RP-DK-18","4",26,0
"RP-DK-18","4",27,1
"RP-DK-18","4",28,0
"RP-DK-18","5",22,1
"RP-DK-18","5",23,0
"RP-DK-18","5",24,0
"RP-DK-18","5",25,0
"RP-DK-18","5",26,1
"RP-DK-18","5",27,0
"RP-DK-18","5",28,0
"RP-DK-18","6",22,0
"RP-DK-18","6",23,1
"RP-DK-18","6",24,0
"RP-DK-18","6",25,0
"RP-DK-18","6",26,0
"RP-DK-18","6",27,0
"RP-DK-18","6",28,0
"RP-DK-18","7",22,0
"RP-DK-18","7",23,0
"RP-DK-18","7",24,0
"RP-DK-18","7",25,0
"RP-DK-18","7",26,0
"RP-DK-18","7",27,0
"RP-DK-18","7",28,0
"RP-DK-19","1",22,0
"RP-DK-19","1",23,0
"RP-DK-19","1",24,1
"RP-DK-19","1",25,0
"RP-DK-19","1",26,0
"RP-DK-19","1",27,2
"RP-DK-19","1",28,3
"RP-DK-19","1",29,3
"RP-DK-19","1",30,1
"RP-DK-19","2",22,0
"RP-DK-19","2",23,0
"RP-DK-19","2",24,1
"RP-DK-19","2",25,2
"RP-DK-19","2",26,0
"RP-DK-19","2",27,0
"RP-DK-19","2",28,2
"RP-DK-19","2",29,0
"RP-DK-19","2",30,1
"RP-DK-19","3",22,0
"RP-DK-19","3",23,0
"RP-DK-19","3",24,0
"RP-DK-19","3",25,0
"RP-DK-19","3",26,0
"RP-DK-19","3",27,2
"RP-DK-19","3",28,2
"RP-DK-19","3",29,3
"RP-DK-19","3",30,1
"RP-DK-19","4",22,0
"RP-DK-19","4",23,0
"RP-DK-19","4",24,0
"RP-DK-19","4",25,1
"RP-DK-19","4",26,0
"RP-DK-19","4",27,0
"RP-DK-19","4",28,3
"RP-DK-19","4",29,1
"RP-DK-19","4",30,1
"RP-DK-19","5",22,0
"RP-DK-19","5",23,0
"RP-DK-19","5",24,0
"RP-DK-19","5",25,0
"RP-DK-19","5",26,0
"RP-DK-19","5",27,0
"RP-DK-19","5",28,0
"RP-DK-19","5",29,0
"RP-DK-19","5",30,0
"RP-DK-19","6",22,0
"RP-DK-19","6",23,0
"RP-DK-19","6",24,0
"RP-DK-19","6",25,0
"RP-DK-19","6",26,0
"RP-DK-19","6",27,0
"RP-DK-19","6",28,0
"RP-DK-19","6",29,0
"RP-DK-19","6",30,0
"RP-DK-23","1",23,1
"RP-DK-23","1",24,1
"RP-DK-23","1",25,0
"RP-DK-23","1",26,2
"RP-DK-23","1",27,4
"RP-DK-23","1",28,1
"RP-DK-23","2",23,2
"RP-DK-23","2",24,0
"RP-DK-23","2",25,2
"RP-DK-23","2",26,1
"RP-DK-23","2",27,0
"RP-DK-23","2",28,0
"RP-DK-23","3",23,3
"RP-DK-23","3",24,0
"RP-DK-23","3",25,1
"RP-DK-23","3",26,0
"RP-DK-23","3",27,0
"RP-DK-23","3",28,0
"RP-DK-23","4",23,0
"RP-DK-23","4",24,2
"RP-DK-23","4",25,0
"RP-DK-23","4",26,0
"RP-DK-23","4",27,2
"RP-DK-23","4",28,0
"RP-DK-23","5",23,2
"RP-DK-23","5",24,0
"RP-DK-23","5",25,1
"RP-DK-23","5",26,1
"RP-DK-23","5",27,1
"RP-DK-23","5",28,0
"RP-DK-23","6",23,0
"RP-DK-23","6",24,1
"RP-DK-23","6",25,1
"RP-DK-23","6",26,2
"RP-DK-23","6",27,0
"RP-DK-23","6",28,1
"RP-DK-23","7",23,2
"RP-DK-23","7",24,0
"RP-DK-23","7",25,1
"RP-DK-23","7",26,1
"RP-DK-23","7",27,0
"RP-DK-23","7",28,1
"RP-DK-23","8",23,0
"RP-DK-23","8",24,0
"RP-DK-23","8",25,0
"RP-DK-23","8",26,0
"RP-DK-23","8",27,0
"RP-DK-23","8",28,0
"RP-DK-23","9",23,0
"RP-DK-23","9",24,0
"RP-DK-23","9",25,0
"RP-DK-23","9",26,3
"RP-DK-23","9",27,1
"RP-DK-23","9",28,1
"RP-DK-24","1",23,3
"RP-DK-24","1",24,2
"RP-DK-24","1",25,1
"RP-DK-24","1",26,2
"RP-DK-24","1",27,2
"RP-DK-24","1",28,1
"RP-DK-24","1",29,1
"RP-DK-24","2",23,3
"RP-DK-24","2",24,1
"RP-DK-24","2",25,0
"RP-DK-24","2",26,1
"RP-DK-24","2",27,2
"RP-DK-24","2",28,0
"RP-DK-24","2",29,1
"RP-DK-24","3",23,1
"RP-DK-24","3",24,2
"RP-DK-24","3",25,2
"RP-DK-24","3",26,0
"RP-DK-24","3",27,2
"RP-DK-24","3",28,1
"RP-DK-24","3",29,0
"RP-DK-24","4",23,1
"RP-DK-24","4",24,0
"RP-DK-24","4",25,1
"RP-DK-24","4",26,0
"RP-DK-24","4",27,0
"RP-DK-24","4",28,2
"RP-DK-24","4",29,0
"RP-DK-24","5",23,0
"RP-DK-24","5",24,0
"RP-DK-24","5",25,1
"RP-DK-24","5",26,0
"RP-DK-24","5",27,4
"RP-DK-24","5",28,0
"RP-DK-24","5",29,1
"RP-DK-24","6",23,0
"RP-DK-24","6",24,0
"RP-DK-24","6",25,0
"RP-DK-24","6",26,0
"RP-DK-24","6",27,1
"RP-DK-24","6",28,0
"RP-DK-24","6",29,1
"RP-DK-24","7",23,0
"RP-DK-24","7",24,0
"RP-DK-24","7",25,2
"RP-DK-24","7",26,1
"RP-DK-24","7",27,2
"RP-DK-24","7",28,0
"RP-DK-24","7",29,1
"RP-MH-17","1",21,2
"RP-MH-17","1",22,3
"RP-MH-17","1",23,2
"RP-MH-17","1",24,2
"RP-MH-17","1",25,6
"RP-MH-17","2",21,2
"RP-MH-17","2",22,3
"RP-MH-17","2",23,2
"RP-MH-17","2",24,1
"RP-MH-17","2",25,3
"RP-MH-17","3",21,1
"RP-MH-17","3",22,2
"RP-MH-17","3",23,3
"RP-MH-17","3",24,1
"RP-MH-17","3",25,4
"RP-MH-18","1",20,0
"RP-MH-18","1",21,1
"RP-MH-18","1",22,0
"RP-MH-18","1",23,1
"RP-MH-18","1",24,0
"RP-MH-18","2",20,1
"RP-MH-18","2",21,1
"RP-MH-18","2",22,0
"RP-MH-18","2",23,0
"RP-MH-18","2",24,0
"RP-MH-18","3",20,0
"RP-MH-18","3",21,1
"RP-MH-18","3",22,0
"RP-MH-18","3",23,1
"RP-MH-18","3",24,0
"RP-MH-18","4",20,0
"RP-MH-18","4",21,0
"RP-MH-18","4",22,1
"RP-MH-18","4",23,1
"RP-MH-18","4",24,0
"RP-MH-18","5",20,2
"RP-MH-18","5",21,0
"RP-MH-18","5",22,2
"RP-MH-18","5",23,2
"RP-MH-18","5",24,1
"RP-MH-18","6",20,0
"RP-MH-18","6",21,1
"RP-MH-18","6",22,0
"RP-MH-18","6",23,2
"RP-MH-18","6",24,0
"RP-MH-19","1",21,1
"RP-MH-19","1",22,2
"RP-MH-19","1",23,0
"RP-MH-19","1",24,1
"RP-MH-19","1",25,1
"RP-MH-19","1",26,1
"RP-MH-19","2",21,2
"RP-MH-19","2",22,1
"RP-MH-19","2",23,0
"RP-MH-19","2",24,3
"RP-MH-19","2",25,1
"RP-MH-19","2",26,4
"RP-MH-19","3",21,3
"RP-MH-19","3",22,2
"RP-MH-19","3",23,1
"RP-MH-19","3",24,0
"RP-MH-19","3",25,1
"RP-MH-19","3",26,1
"RP-MH-19","4",21,1
"RP-MH-19","4",22,0
"RP-MH-19","4",23,0
"RP-MH-19","4",24,0
"RP-MH-19","4",25,1
"RP-MH-19","4",26,0
"RP-MH-19","5",21,0
"RP-MH-19","5",22,1
"RP-MH-19","5",23,0
"RP-MH-19","5",24,0
"RP-MH-19","5",25,0
"RP-MH-19","5",26,0
"RP-MH-19","6",21,0
"RP-MH-19","6",22,0
"RP-MH-19","6",23,0
"RP-MH-19","6",24,1
"RP-MH-19","6",25,0
"RP-MH-19","6",26,0
"RP-MH-20","1",22,0
"RP-MH-20","1",23,1
"RP-MH-20","1",24,1
"RP-MH-20","1",25,4
"RP-MH-20","1",27,2
"RP-MH-20","1",28,0
"RP-MH-20","1",29,4
"RP-MH-20","2",22,2
"RP-MH-20","2",23,2
"RP-MH-20","2",24,1
"RP-MH-20","2",25,2
"RP-MH-20","2",27,0
"RP-MH-20","2",28,1
"RP-MH-20","2",29,1
"RP-MH-20","3",22,1
"RP-MH-20","3",23,1
"RP-MH-20","3",24,0
"RP-MH-20","3",25,2
"RP-MH-20","3",27,0
"RP-MH-20","3",28,1
"RP-MH-20","3",29,2
"RP-MH-20","4",22,0
"RP-MH-20","4",23,1
"RP-MH-20","4",24,2
"RP-MH-20","4",25,1
"RP-MH-20","4",27,4
"RP-MH-20","4",28,0
"RP-MH-20","4",29,0
"RP-MH-20","5",22,0
"RP-MH-20","5",23,3
"RP-MH-20","5",24,1
"RP-MH-20","5",25,1
"RP-MH-20","5",27,0
"RP-MH-20","5",28,0
"RP-MH-20","5",29,0
"RP-MH-20","6",22,0
"RP-MH-20","6",23,0
"RP-MH-20","6",24,2
"RP-MH-20","6",25,1
"RP-MH-20","6",27,1
"RP-MH-20","6",28,0
"RP-MH-20","6",29,0
"RP-MH-23","1",22,1
"RP-MH-23","1",23,1
"RP-MH-23","1",24,2
"RP-MH-23","1",25,1
"RP-MH-23","1",26,0
"RP-MH-23","1",27,3
"RP-MH-23","1",28,4
"RP-MH-23","1",29,3
"RP-MH-23","1",30,3
"RP-MH-23","1",31,1
"RP-MH-23","2",22,1
"RP-MH-23","2",23,2
"RP-MH-23","2",24,2
"RP-MH-23","2",25,4
"RP-MH-23","2",26,3
"RP-MH-23","2",27,2
"RP-MH-23","2",28,1
"RP-MH-23","2",29,4
"RP-MH-23","2",30,4
"RP-MH-23","2",31,4
"RP-MH-23","3",22,2
"RP-MH-23","3",23,1
"RP-MH-23","3",24,2
"RP-MH-23","3",25,3
"RP-MH-23","3",26,2
"RP-MH-23","3",27,3
"RP-MH-23","3",28,4
"RP-MH-23","3",29,7
"RP-MH-23","3",30,6
"RP-MH-23","3",31,5
"RP-MH-23","4",22,0
"RP-MH-23","4",23,1
"RP-MH-23","4",24,1
"RP-MH-23","4",25,2
"RP-MH-23","4",26,0
"RP-MH-23","4",27,0
"RP-MH-23","4",28,1
"RP-MH-23","4",29,2
"RP-MH-23","4",30,2
"RP-MH-23","4",31,0
"RP-MH-23","5",22,1
"RP-MH-23","5",23,2
"RP-MH-23","5",24,0
"RP-MH-23","5",25,3
"RP-MH-23","5",26,2
"RP-MH-23","5",27,2
"RP-MH-23","5",28,1
"RP-MH-23","5",29,2
"RP-MH-23","5",30,1
"RP-MH-23","5",31,0
"RP-MH-23","6",22,1
"RP-MH-23","6",23,0
"RP-MH-23","6",24,1
"RP-MH-23","6",25,1
"RP-MH-23","6",26,1
"RP-MH-23","6",27,2
"RP-MH-23","6",28,0
"RP-MH-23","6",29,2
"RP-MH-23","6",30,4
"RP-MH-23","6",31,1
"RP-MH-24","1",21,0
"RP-MH-24","1",22,2
"RP-MH-24","1",23,2
"RP-MH-24","1",24,1
"RP-MH-24","1",26,0
"RP-MH-24","1",27,2
"RP-MH-24","1",28,0
"RP-MH-24","2",21,2
"RP-MH-24","2",22,2
"RP-MH-24","2",23,1
"RP-MH-24","2",24,1
"RP-MH-24","2",26,3
"RP-MH-24","2",27,0
"RP-MH-24","2",28,1
"RP-MH-24","3",21,0
"RP-MH-24","3",22,1
"RP-MH-24","3",23,0
"RP-MH-24","3",24,0
"RP-MH-24","3",26,1
"RP-MH-24","3",27,2
"RP-MH-24","3",28,1
"RP-MH-24","4",21,0
"RP-MH-24","4",22,0
"RP-MH-24","4",23,1
"RP-MH-24","4",24,0
"RP-MH-24","4",26,3
"RP-MH-24","4",27,2
"RP-MH-24","4",28,0
"RP-MH-24","5",21,1
"RP-MH-24","5",22,1
"RP-MH-24","5",23,0
"RP-MH-24","5",24,0
"RP-MH-24","5",26,2
"RP-MH-24","5",27,2
"RP-MH-24","5",28,2
"RP-MH-24","6",21,1
"RP-MH-24","6",22,2
"RP-MH-24","6",23,0
"RP-MH-24","6",24,1
"RP-MH-24","6",26,2
"RP-MH-24","6",27,1
"RP-MH-24","6",28,2
"SH-JH-17","1",19,2
"SH-JH-17","1",20,1
"SH-JH-17","1",21,2
"SH-JH-17","1",22,1
"SH-JH-17","1",23,3
"SH-JH-17","1",24,1
"SH-JH-17","1",25,1
"SH-JH-17","1",26,4
"SH-JH-17","1",27,2
"SH-JH-17","2",19,1
"SH-JH-17","2",20,5
"SH-JH-17","2",21,3
"SH-JH-17","2",22,2
"SH-JH-17","2",23,12
"SH-JH-17","2",24,2
"SH-JH-17","2",25,1
"SH-JH-17","2",26,4
"SH-JH-17","2",27,7
"SH-JH-17","3",19,0
"SH-JH-17","3",20,2
"SH-JH-17","3",21,1
"SH-JH-17","3",22,0
"SH-JH-17","3",23,1
"SH-JH-17","3",24,2
"SH-JH-17","3",25,2
"SH-JH-17","3",26,3
"SH-JH-17","3",27,3
"SH-JH-17","4",19,0
"SH-JH-17","4",20,1
"SH-JH-17","4",21,0
"SH-JH-17","4",22,1
"SH-JH-17","4",23,4
"SH-JH-17","4",24,3
"SH-JH-17","4",25,5
"SH-JH-17","4",26,3
"SH-JH-17","4",27,4
"SH-JH-17","5",19,2
"SH-JH-17","5",20,3
"SH-JH-17","5",21,2
"SH-JH-17","5",22,2
"SH-JH-17","5",23,5
"SH-JH-17","5",24,1
"SH-JH-17","5",25,3
"SH-JH-17","5",26,4
"SH-JH-17","5",27,3
"SH-JH-17","6",19,0
"SH-JH-17","6",20,2
"SH-JH-17","6",21,0
"SH-JH-17","6",22,1
"SH-JH-17","6",23,2
"SH-JH-17","6",24,0
"SH-JH-17","6",25,1
"SH-JH-17","6",26,4
"SH-JH-17","6",27,3
"SH-JH-18","1",20,2
"SH-JH-18","1",21,2
"SH-JH-18","1",22,1
"SH-JH-18","1",23,2
"SH-JH-18","1",24,2
"SH-JH-18","1",25,1
"SH-JH-18","2",20,0
"SH-JH-18","2",21,2
"SH-JH-18","2",22,0
"SH-JH-18","2",23,1
"SH-JH-18","2",24,2
"SH-JH-18","2",25,2
"SH-JH-18","3",20,0
"SH-JH-18","3",21,0
"SH-JH-18","3",22,0
"SH-JH-18","3",23,4
"SH-JH-18","3",24,4
"SH-JH-18","3",25,2
"SH-JH-18","4",20,0
"SH-JH-18","4",21,1
"SH-JH-18","4",22,0
"SH-JH-18","4",23,2
"SH-JH-18","4",24,1
"SH-JH-18","4",25,3
"SH-JH-18","5",20,0
"SH-JH-18","5",21,1
"SH-JH-18","5",22,0
"SH-JH-18","5",23,2
"SH-JH-18","5",24,2
"SH-JH-18","5",25,0
"SH-JH-18","6",20,1
"SH-JH-18","6",21,0
"SH-JH-18","6",22,0
"SH-JH-18","6",23,2
"SH-JH-18","6",24,1
"SH-JH-18","6",25,0
"SH-JH-19","1",22,0
"SH-JH-19","1",23,0
"SH-JH-19","1",24,0
"SH-JH-19","1",25,1
"SH-JH-19","1",26,1
"SH-JH-19","1",27,0
"SH-JH-19","2",22,2
"SH-JH-19","2",23,1
"SH-JH-19","2",24,2
"SH-JH-19","2",25,1
"SH-JH-19","2",26,0
"SH-JH-19","2",27,1
"SH-JH-19","3",22,1
"SH-JH-19","3",23,1
"SH-JH-19","3",24,3
"SH-JH-19","3",25,3
"SH-JH-19","3",26,5
"SH-JH-19","3",27,1
"SH-JH-19","4",22,1
"SH-JH-19","4",23,2
"SH-JH-19","4",24,2
"SH-JH-19","4",25,0
"SH-JH-19","4",26,6
"SH-JH-19","4",27,1
"SH-JH-19","5",22,1
"SH-JH-19","5",23,1
"SH-JH-19","5",24,1
"SH-JH-19","5",25,2
"SH-JH-19","5",26,4
"SH-JH-19","5",27,1
"SH-JH-19","6",22,1
"SH-JH-19","6",23,2
"SH-JH-19","6",24,3
"SH-JH-19","6",25,3
"SH-JH-19","6",26,3
"SH-JH-19","6",27,1
"SL-SB-23","1",23,2
"SL-SB-23","1",24,4
"SL-SB-23","1",25,1
"SL-SB-23","2",23,1
"SL-SB-23","2",24,4
"SL-SB-23","2",25,2
"SL-SB-23","3",23,3
"SL-SB-23","3",24,1
"SL-SB-23","3",25,1
"SL-SB-23","4",23,3
"SL-SB-23","4",24,5
"SL-SB-23","4",25,2
"ST-MS-17","1",21,3
"ST-MS-17","1",22,2
"ST-MS-17","1",23,5
"ST-MS-17","1",24,3
"ST-MS-17","1",25,3
"ST-MS-17","1",26,2
"ST-MS-17","1",27,3
"ST-MS-17","1",28,2
"ST-MS-17","1",29,1
"ST-MS-17","1",30,1
"ST-MS-17","10",21,1
"ST-MS-17","10",22,1
"ST-MS-17","10",23,0
"ST-MS-17","10",24,4
"ST-MS-17","10",25,0
"ST-MS-17","10",26,0
"ST-MS-17","10",27,5
"ST-MS-17","10",28,3
"ST-MS-17","10",29,2
"ST-MS-17","10",30,2
"ST-MS-17","2",21,0
"ST-MS-17","2",22,2
"ST-MS-17","2",23,3
"ST-MS-17","2",24,1
"ST-MS-17","2",25,3
"ST-MS-17","2",26,2
"ST-MS-17","2",27,2
"ST-MS-17","2",28,2
"ST-MS-17","2",29,1
"ST-MS-17","2",30,0
"ST-MS-17","3",21,0
"ST-MS-17","3",22,2
"ST-MS-17","3",23,2
"ST-MS-17","3",24,3
"ST-MS-17","3",25,2
"ST-MS-17","3",26,3
"ST-MS-17","3",27,5
"ST-MS-17","3",28,2
"ST-MS-17","3",29,1
"ST-MS-17","3",30,1
"ST-MS-17","4",21,0
"ST-MS-17","4",22,1
"ST-MS-17","4",23,2
"ST-MS-17","4",24,7
"ST-MS-17","4",25,5
"ST-MS-17","4",26,4
"ST-MS-17","4",27,3
"ST-MS-17","4",28,2
"ST-MS-17","4",29,3
"ST-MS-17","4",30,1
"ST-MS-17","5",21,1
"ST-MS-17","5",22,1
"ST-MS-17","5",23,1
"ST-MS-17","5",24,4
"ST-MS-17","5",25,5
"ST-MS-17","5",26,3
"ST-MS-17","5",27,2
"ST-MS-17","5",28,2
"ST-MS-17","5",29,0
"ST-MS-17","5",30,2
"ST-MS-17","6",21,4
"ST-MS-17","6",22,4
"ST-MS-17","6",23,2
"ST-MS-17","6",24,5
"ST-MS-17","6",25,6
"ST-MS-17","6",26,1
"ST-MS-17","6",27,7
"ST-MS-17","6",28,2
"ST-MS-17","6",29,0
"ST-MS-17","6",30,1
"ST-MS-17","7",21,1
"ST-MS-17","7",22,1
"ST-MS-17","7",23,1
"ST-MS-17","7",24,4
"ST-MS-17","7",25,3
"ST-MS-17","7",26,2
"ST-MS-17","7",27,6
"ST-MS-17","7",28,1
"ST-MS-17","7",29,2
"ST-MS-17","7",30,0
"ST-MS-17","8",21,0
"ST-MS-17","8",22,1
"ST-MS-17","8",23,1
"ST-MS-17","8",24,5
"ST-MS-17","8",25,2
"ST-MS-17","8",26,2
"ST-MS-17","8",27,3
"ST-MS-17","8",28,1
"ST-MS-17","8",29,3
"ST-MS-17","8",30,1
"ST-MS-17","9",21,0
"ST-MS-17","9",22,1
"ST-MS-17","9",23,0
"ST-MS-17","9",24,4
"ST-MS-17","9",25,2
"ST-MS-17","9",26,2
"ST-MS-17","9",27,2
"ST-MS-17","9",28,2
"ST-MS-17","9",29,1
"ST-MS-17","9",30,0
"ST-MS-19","10",21,0
"ST-MS-19","10",22,0
"ST-MS-19","10",23,0
"ST-MS-19","10",24,0
"ST-MS-19","10",25,0
"ST-MS-19","10",26,0
"ST-MS-19","3",21,0
"ST-MS-19","3",22,0
"ST-MS-19","3",23,0
"ST-MS-19","3",24,0
"ST-MS-19","3",25,1
"ST-MS-19","3",26,1
"ST-MS-19","4",21,1
"ST-MS-19","4",22,0
"ST-MS-19","4",23,0
"ST-MS-19","4",24,1
"ST-MS-19","4",25,1
"ST-MS-19","4",26,2
"ST-MS-19","5",21,1
"ST-MS-19","5",22,0
"ST-MS-19","5",23,1
"ST-MS-19","5",24,0
"ST-MS-19","5",25,2
"ST-MS-19","5",26,2
"ST-MS-19","6",21,0
"ST-MS-19","6",22,0
"ST-MS-19","6",23,0
"ST-MS-19","6",24,2
"ST-MS-19","6",25,1
"ST-MS-19","6",26,2
"ST-MS-19","7",21,0
"ST-MS-19","7",22,0
"ST-MS-19","7",23,0
"ST-MS-19","7",24,0
"ST-MS-19","7",25,1
"ST-MS-19","7",26,0
"ST-MS-19","8",21,0
"ST-MS-19","8",22,0
"ST-MS-19","8",23,0
"ST-MS-19","8",24,0
"ST-MS-19","8",25,0
"ST-MS-19","8",26,1
"ST-MS-19","9",21,0
"ST-MS-19","9",22,0
"ST-MS-19","9",23,0
"ST-MS-19","9",24,0
"ST-MS-19","9",25,0
"ST-MS-19","9",26,1
"ST-WH-19","1",21,1
"ST-WH-19","1",22,1
"ST-WH-19","1",23,0
"ST-WH-19","1",24,3
"ST-WH-19","1",25,1
"ST-WH-19","1",26,4
"ST-WH-19","2",21,2
"ST-WH-19","2",22,3
"ST-WH-19","2",23,1
"ST-WH-19","2",24,4
"ST-WH-19","2",25,1
"ST-WH-19","2",26,4
"ST-WH-19","3",21,0
"ST-WH-19","3",22,4
"ST-WH-19","3",23,1
"ST-WH-19","3",24,5
"ST-WH-19","3",25,1
"ST-WH-19","3",26,3
"ST-WH-19","4",21,1
"ST-WH-19","4",22,1
"ST-WH-19","4",23,1
"ST-WH-19","4",24,4
"ST-WH-19","4",25,0
"ST-WH-19","4",26,4
"ST-WH-19","5",21,0
"ST-WH-19","5",22,1
"ST-WH-19","5",23,1
"ST-WH-19","5",24,5
"ST-WH-19","5",25,1
"ST-WH-19","5",26,6
"ST-WH-19","6",21,0
"ST-WH-19","6",22,1
"ST-WH-19","6",23,1
"ST-WH-19","6",24,1
"ST-WH-19","6",25,0
"ST-WH-19","6",26,2
"ST-WH-21","1",22,3
"ST-WH-21","1",23,0
"ST-WH-21","1",24,3
"ST-WH-21","1",25,6
"ST-WH-21","1",26,5
"ST-WH-21","2",22,0
"ST-WH-21","2",23,0
"ST-WH-21","2",24,1
"ST-WH-21","2",25,3
"ST-WH-21","2",26,0
"ST-WH-21","3",22,2
"ST-WH-21","3",23,0
"ST-WH-21","3",24,0
"ST-WH-21","3",25,3
"ST-WH-21","3",26,2
"ST-WH-21","4",22,2
"ST-WH-21","4",23,2
"ST-WH-21","4",24,0
"ST-WH-21","4",25,2
"ST-WH-21","4",26,1
"ST-WH-21","5",22,1
"ST-WH-21","5",23,1
"ST-WH-21","5",24,0
"ST-WH-21","5",25,2
"ST-WH-21","5",26,3
"ST-WH-21","6",22,4
"ST-WH-21","6",23,1
"ST-WH-21","6",24,4
"ST-WH-21","6",25,4
"ST-WH-21","6",26,3
"ST-WH-23","1",21,0
"ST-WH-23","1",22,1
"ST-WH-23","1",23,0
"ST-WH-23","1",24,2
"ST-WH-23","1",25,1
"ST-WH-23","1",26,3
"ST-WH-23","1",27,2
"ST-WH-23","2",21,1
"ST-WH-23","2",22,0
"ST-WH-23","2",23,0
"ST-WH-23","2",24,1
"ST-WH-23","2",25,4
"ST-WH-23","2",26,3
"ST-WH-23","2",27,3
"ST-WH-23","3",21,0
"ST-WH-23","3",22,2
"ST-WH-23","3",23,1
"ST-WH-23","3",24,0
"ST-WH-23","3",25,0
"ST-WH-23","3",26,1
"ST-WH-23","3",27,3
"ST-WH-23","4",21,0
"ST-WH-23","4",22,0
"ST-WH-23","4",23,1
"ST-WH-23","4",24,0
"ST-WH-23","4",25,1
"ST-WH-23","4",26,2
"ST-WH-23","4",27,1
"ST-WH-23","5",21,0
"ST-WH-23","5",22,0
"ST-WH-23","5",23,2
"ST-WH-23","5",24,0
"ST-WH-23","5",25,3
"ST-WH-23","5",26,5
"ST-WH-23","5",27,0
"ST-WH-23","6",21,0
"ST-WH-23","6",22,1
"ST-WH-23","6",23,1
"ST-WH-23","6",24,0
"ST-WH-23","6",25,1
"ST-WH-23","6",26,1
"ST-WH-23","6",27,0
