ID,Order,Family,species_sci,species,species_eng,Habitat,Nest_site,Diet,Insectivores,Wintering,Migration,Temperature_pref,Habitat_breadth,Diet_breadth,RedList_DE,RedList_EUROPE
73,Caprimulgiformes,Apodidae,Apus apus,Mauersegler,Common Swift,settlement,buildings,insectivorous,insect. other,Sub-Sahel,long-distance,interquartile,broad,narrow,,NT
319,Passeriformes,Hirundinidae,Delichon urbicum,Mehlschwalbe,Northern House Martin,settlement,buildings,insectivorous,insect. other,Afrotropics_indiff,long-distance,interquartile,broad,narrow,3,LC
320,Passeriformes,Hirundinidae,Hirundo rustica,Rauchschwalbe,Barn Swallow,settlement,buildings,insectivorous,insect. other,Afrotropics_indiff,long-distance,interquartile,broad,narrow,4,LC
82,Columbiformes,Columbidae,Columba livia,Felsentaube,Feral Pigeon,settlement,buildings,granivorous,no,Germany,resident,NA,NA,NA,,LC
383,Passeriformes,Passeridae,Passer domesticus,Haussperling,House Sparrow,settlement,buildings,granivorous,no,Germany,resident,interquartile,broad,narrow,,LC
105,Falconiformes,Falconidae,Falco tinnunculus,Turmfalke,Common Kestrel,farmland,buildings,carnivorous,no,W-Westpalearctic,short-distance,interquartile,broad,narrow,,LC
341,Passeriformes,Motacillidae,Motacilla alba,Bachstelze,White Wagtail,settlement,buildings,insectivorous,insect. other,W-Mediterranean,short-distance,interquartile,broad,narrow,,LC
267,Passeriformes,Corvidae,Corvus monedula,Dohle,Eurasian Jackdaw,settlement,buildings,invertebrates,no,W-Westpalearctic,short-distance,upper quartile,broad,broad,,LC
366,Passeriformes,Muscicapidae,Phoenicurus ochruros,Hausrotschwanz,Black Redstart,settlement,buildings,insectivorous,insect. other,W-Mediterranean,short-distance,upper quartile,broad,broad,,LC
344,Passeriformes,Motacillidae,Motacilla flava,(Wiesen)Schafstelze,Yellow Wagtail,farmland,ground-level,insectivorous,insect. farmland,Sahel-Sudan,long-distance,interquartile,broad,narrow,,LC
368,Passeriformes,Muscicapidae,Saxicola rubetra,Braunkehlchen,Whinchat,farmland,ground-level,insectivorous,insect. farmland,Afrotropics_indiff,long-distance,lower quartile,narrow,narrow,2,LC
114,Galiiformes,Phasianidae,Coturnix coturnix,Wachtel,Common Quail,farmland,ground-level,insectivorous,insect. farmland,Sahel-Sudan,long-distance,upper quartile,narrow,broad,4,NT
340,Passeriformes,Motacillidae,Anthus trivialis,Baumpieper,Tree Pipit,forests,ground-level,insectivorous,insect. forest,Sahel-Sudan,long-distance,lower quartile,broad,narrow,4,LC
395,Passeriformes,Phylloscopidae,Phylloscopus trochilus,Fitis,Willow Warbler,forests,ground-level,insectivorous,insect. forest,Sub-Sahel,long-distance,lower quartile,broad,narrow,,LC
392,Passeriformes,Phylloscopidae,Phylloscopus sibilatrix,Waldlaubsänger,Wood Warbler,forests,ground-level,insectivorous,insect. forest,Sub-Sahel,long-distance,lower quartile,broad,narrow,,LC
331,Passeriformes,Locustellidae,Locustella naevia,Feldschwirl,Common Grasshopper Warbler,open,ground-level,insectivorous,insect. other,Sahel-Sudan,long-distance,interquartile,broad,narrow,2,LC
238,Passeriformes,Acrocephalidae,Acrocephalus palustris,Sumpfrohrsänger,Marsh Warbler,open,ground-level,insectivorous,insect. other,Sub-Sahel,long-distance,interquartile,broad,narrow,,LC
354,Passeriformes,Muscicapidae,Luscinia megarhynchos,Nachtigall,Common Nightingale,several,ground-level,insectivorous,insect. other,Sahel-Sudan,long-distance,upper quartile,broad,narrow,,LC
347,Passeriformes,Muscicapidae,Cyanecula svecica,Blaukehlchen,Bluethroat,wetlands,ground-level,insectivorous,insect. other,Sahel-Sudan,long-distance,,,,,LC
124,Galiiformes,Phasianidae,Phasianus colchicus,Jagdfasan,Common Pheasant,farmland,ground-level,herbivore,no,Germany,resident,interquartile,broad,broad,,LC
123,Galiiformes,Phasianidae,Perdix perdix,Rebhuhn,Grey Partridge,farmland,ground-level,omnivorous,no,Germany,resident,interquartile,narrow,narrow,2,LC
247,Passeriformes,Alaudidae,Alauda arvensis,Feldlerche,Eurasian Skylark,farmland,ground-level,insectivorous,insect. farmland,W-Westpalearctic,short-distance,interquartile,broad,broad,3,LC
282,Passeriformes,Emberizidae,Emberiza citrinella,Goldammer,Yellowhammer,farmland,ground-level,insectivorous,insect. farmland,W-Westpalearctic,short-distance,lower quartile,broad,broad,,LC
278,Passeriformes,Emberizidae,Emberiza calandra,Grauammer,Corn Bunting,farmland,ground-level,insectivorous,insect. farmland,W-Westpalearctic,short-distance,upper quartile,narrow,broad,4,LC
165,Charadriiformes,Charadriidae,Vanellus vanellus,Kiebitz,Northern Lapwing,farmland,ground-level,invertebrates,no,Atlantic,short-distance,lower quartile,narrow,narrow,2,VU
337,Passeriformes,Motacillidae,Anthus pratensis,Wiesenpieper,Meadow Pipit,farmland,ground-level,insectivorous,insect. farmland,W-Westpalearctic,short-distance,lower quartile,broad,narrow,2,LC
348,Passeriformes,Muscicapidae,Erithacus rubecula,Rotkehlchen,European Robin,forests,ground-level,insectivorous,insect. forest,W-Westpalearctic,short-distance,interquartile,broad,narrow,,LC
390,Passeriformes,Phylloscopidae,Phylloscopus collybita,Zilpzalp,Common Chiffchaff,forests,ground-level,insectivorous,insect. forest,W-Mediterranean,short-distance,interquartile,broad,narrow,,LC
369,Passeriformes,Muscicapidae,Saxicola rubicola,Schwarzkehlchen,Common Stonechat,open,ground-level,insectivorous,insect. other,W-Mediterranean,short-distance,upper quartile,narrow,narrow,,LC
255,Passeriformes,Alaudidae,Lullula arborea,Heidelerche,Woodlark,several,ground-level,insectivorous,insect. other,Atlantic,short-distance,upper quartile,broad,narrow,4,LC
304,Passeriformes,Fringillidae,Chloris chloris,Grünfink,European Greenfinch,settlement,indifferent,granivorous,no,W-Westpalearctic,short-distance,interquartile,broad,narrow,,LC
95,Cuculiformes,Cuculidae,Cuculus canorus,Kuckuck,Common Cuckoo,several,NA,insectivorous,insect. other,Sub-Sahel,long-distance,interquartile,broad,narrow,3,LC
234,Passeriformes,Acrocephalidae,Acrocephalus arundinaceus,Drosselrohrsänger,Great Reed Warbler,wetlands,reeds,invertebrates,no,Sub-Sahel,long-distance,,,,,LC
240,Passeriformes,Acrocephalidae,Acrocephalus schoenobaenus,Schilfrohrsänger,Sedge Warbler,wetlands,reeds,insectivorous,insect. other,Sahel-Sudan,long-distance,lower quartile,broad,narrow,,LC
239,Passeriformes,Acrocephalidae,Acrocephalus scirpaceus,Teichrohrsänger,Eurasian Reed Warbler,wetlands,reeds,insectivorous,insect. other,Sahel-Sudan,long-distance,upper quartile,broad,narrow,,LC
462,Podicipediformes,Podicipedidae,Podiceps cristatus,Haubentaucher,Great Crested Grebe,wetlands,reeds,carnivorous,no,W-Westpalearctic,short-distance,interquartile,narrow,narrow,,LC
289,Passeriformes,Emberizidae,Emberiza schoeniclus,Rohrammer,Reed Bunting,wetlands,reeds,insectivorous,insect. other,W-Westpalearctic,short-distance,lower quartile,broad,broad,,LC
465,Podicipediformes,Podicipedidae,Tachybaptus ruficollis,Zwergtaucher,Little Grebe,wetlands,reeds,carnivorous,no,W-Westpalearctic,short-distance,upper quartile,narrow,narrow,,LC
417,Passeriformes,Sylviidae,Sylvia communis,Dorngrasmücke,Common Whitethroat,farmland,shrubs,insectivorous,insect. farmland,Sahel-Sudan,long-distance,interquartile,broad,narrow,,LC
323,Passeriformes,Laniidae,Lanius collurio,Neuntöter,Red-backed Shrike,farmland,shrubs,insectivorous,insect. farmland,Sub-Sahel,long-distance,interquartile,narrow,narrow,,LC
88,Columbiformes,Columbidae,Streptopelia turtur,Turteltaube,European Turtle Dove,farmland,shrubs,granivorous,no,Sahel-Sudan,long-distance,upper quartile,narrow,narrow,2,VU
415,Passeriformes,Sylviidae,Sylvia borin,Gartengrasmücke,Garden Warbler,forests,shrubs,insectivorous,insect. forest,Sub-Sahel,long-distance,lower quartile,broad,narrow,,LC
419,Passeriformes,Sylviidae,Sylvia curruca,Klappergrasmücke,Lesser Whitethroat,several,shrubs,insectivorous,insect. other,Sahel-Sudan,long-distance,interquartile,broad,narrow,,LC
414,Passeriformes,Sylviidae,Sylvia atricapilla,Mönchsgrasmücke,Blackcap,forests,shrubs,insectivorous,insect. forest,W-Westpalearctic,short-distance,interquartile,broad,narrow,,LC
427,Passeriformes,Troglodytidae,Troglodytes troglodytes,Zaunkönig,Eurasian Wren,forests,shrubs,insectivorous,insect. forest,W-Westpalearctic,short-distance,interquartile,broad,narrow,,LC
429,Passeriformes,Turdidae,Turdus merula,Amsel,Eurasian Blackbird,several,shrubs,invertebrates,no,W-Westpalearctic,short-distance,interquartile,broad,narrow,,LC
305,Passeriformes,Fringillidae,Linaria cannabina,Bluthänfling,Eurasian Linnet,several,shrubs,granivorous,no,W-Mediterranean,short-distance,upper quartile,broad,narrow,3,LC
398,Passeriformes,Prunellidae,Prunella modularis,Heckenbraunelle,Dunnock,several,shrubs,insectivorous,insect. other,W-Westpalearctic,short-distance,lower quartile,broad,narrow,,LC
371,Passeriformes,Oriolidae,Oriolus oriolus,Pirol,Eurasian Golden Oriole,forests,trees,insectivorous,insect. forest,Afrotropics_indiff,long-distance,upper quartile,broad,narrow,4,LC
350,Passeriformes,Muscicapidae,Ficedula hypoleuca,Trauerschnäpper,European Pied Flycatcher,forests,trees,insectivorous,insect. forest,Sub-Sahel,long-distance,lower quartile,broad,narrow,3,LC
367,Passeriformes,Muscicapidae,Phoenicurus phoenicurus,Gartenrotschwanz,Common Redstart,several,trees,insectivorous,insect. other,Sahel-Sudan,long-distance,lower quartile,broad,narrow,,LC
241,Passeriformes,Acrocephalidae,Hippolais icterina,Gelbspötter,Icterine Warbler,several,trees,insectivorous,insect. other,Sub-Sahel,long-distance,lower quartile,broad,narrow,,LC
357,Passeriformes,Muscicapidae,Muscicapa striata,Grauschnäpper,Spotted Flycatcher,several,trees,insectivorous,insect. other,Afrotropics_indiff,long-distance,interquartile,broad,narrow,4,LC
386,Passeriformes,Passeridae,Passer montanus,Feldsperling,Eurasian Tree Sparrow,farmland,trees,granivorous,no,Germany,resident,upper quartile,broad,broad,4,LC
373,Passeriformes,Paridae,Cyanistes caeruleus,Blaumeise,Blue Tit,forests,trees,insectivorous,insect. forest,Germany,resident,interquartile,broad,narrow,,LC
452,Piciformes,Picidae,Dendrocopos major,Buntspecht,Great Spotted Woodpecker,forests,trees,omnivorous,no,Germany,resident,interquartile,broad,narrow,,LC
269,Passeriformes,Corvidae,Garrulus glandarius,Eichelhäher,Eurasian Jay,forests,trees,omnivorous,no,Germany,resident,interquartile,broad,broad,,LC
260,Passeriformes,Certhiidae,Certhia brachydactyla,Gartenbaumläufer,Short-toed Treecreeper,forests,trees,insectivorous,insect. forest,Germany,resident,upper quartile,broad,narrow,,
313,Passeriformes,Fringillidae,Pyrrhula pyrrhula,Gimpel,Eurasian Bullfinch,forests,trees,granivorous,no,Germany,resident,lower quartile,broad,broad,,LC
459,Piciformes,Picidae,Picus canus,Grauspecht,Greyfaced Woodpecker,forests,trees,insectivorous,insect. forest,Germany,resident,interquartile,broad,narrow,2,LC
375,Passeriformes,Paridae,Lophophanes cristatus,Haubenmeise,Crested Tit,forests,trees,insectivorous,insect. forest,Germany,resident,interquartile,broad,narrow,,LC
301,Passeriformes,Fringillidae,Coccothraustes coccothraustes,Kernbeißer,Hawfinch,forests,trees,granivorous,no,Germany,resident,upper quartile,narrow,narrow,,LC
404,Passeriformes,Sittadae,Sitta europaea,Kleiber,Eurasian Nuthatch,forests,trees,insectivorous,insect. forest,Germany,resident,interquartile,broad,narrow,,LC
454,Piciformes,Picidae,Dryobates minor,Kleinspecht,Lesser Spotted Woodpecker,forests,trees,insectivorous,insect. forest,Germany,resident,lower quartile,broad,narrow,3,LC
264,Passeriformes,Corvidae,Corvus corax,Kolkrabe,Common Raven,forests,trees,omnivorous,no,Germany,resident,interquartile,broad,broad,,LC
457,Piciformes,Picidae,Leiopicus medius,Mittelspecht,Middle Spotted Woodpecker,forests,trees,insectivorous,insect. forest,Germany,resident,upper quartile,broad,narrow,,LC
246,Passeriformes,Aegithalidae,Aegithalos caudatus,Schwanzmeise,Long-tailed Tit,forests,trees,insectivorous,insect. forest,Germany,resident,interquartile,broad,narrow,,LC
455,Piciformes,Picidae,Dryocopus martius,Schwarzspecht,Black Woodpecker,forests,trees,insectivorous,insect. forest,Germany,resident,lower quartile,broad,narrow,,LC
381,Passeriformes,Paridae,Poecile palustris,Sumpfmeise,Marsh Tit,forests,trees,insectivorous,insect. forest,Germany,resident,interquartile,narrow,narrow,,LC
377,Passeriformes,Paridae,Periparus ater,Tannenmeise,Coal Tit,forests,trees,insectivorous,insect. forest,Germany,resident,interquartile,narrow,narrow,,LC
261,Passeriformes,Certhiidae,Certhia familiaris,Waldbaumläufer,Eurasian Treecreeper,forests,trees,insectivorous,insect. forest,Germany,resident,lower quartile,broad,narrow,,
380,Passeriformes,Paridae,Poecile montanus,Weidenmeise,Willow Tit,forests,trees,insectivorous,insect. forest,Germany,resident,lower quartile,broad,narrow,,LC
272,Passeriformes,Corvidae,Pica pica,Elster,Eurasian Magpie,settlement,trees,invertebrates,no,Germany,resident,interquartile,broad,broad,,LC
87,Columbiformes,Columbidae,Streptopelia decaocto,Türkentaube,Eurasian Collared Dove,settlement,trees,granivorous,no,Germany,resident,upper quartile,narrow,narrow,,LC
265,Passeriformes,Corvidae,Corvus corone,Aaskrähe,Carrion Crow,several,trees,omnivorous,no,Germany,resident,interquartile,broad,broad,,LC
460,Piciformes,Picidae,Picus viridis,Grünspecht,Eurasian Green Woodpecker,several,trees,insectivorous,insect. forest,Germany,resident,upper quartile,broad,narrow,,LC
376,Passeriformes,Paridae,Parus major,Kohlmeise,Great Tit,several,trees,omnivorous,no,Germany,resident,interquartile,broad,narrow,,LC
10,Accipitriformes,Accipitridae,Buteo buteo,Mäusebussard,Common Buzzard,farmland,trees,carnivorous,no,W-Westpalearctic,short-distance,interquartile,broad,narrow,,LC
26,Accipitriformes,Accipitridae,Milvus milvus,Rotmilan,Red Kite,farmland,trees,carnivorous,no,W-Mediterranean,short-distance,upper quartile,broad,broad,,LC
413,Passeriformes,Sturnidae,Sturnus vulgaris,Star,Common Starling,farmland,trees,invertebrates,no,W-Westpalearctic,short-distance,interquartile,broad,narrow,3,LC
431,Passeriformes,Turdidae,Turdus pilaris,Wacholderdrossel,Fieldfare,farmland,trees,invertebrates,no,W-Westpalearctic,short-distance,lower quartile,broad,narrow,,LC
302,Passeriformes,Fringillidae,Fringilla coelebs,Buchfink,Common Chaffinch,forests,trees,insectivorous,insect. forest,W-Westpalearctic,short-distance,interquartile,broad,broad,,LC
83,Columbiformes,Columbidae,Columba oenas,Hohltaube,Stock Dove,forests,trees,granivorous,no,W-Westpalearctic,short-distance,interquartile,broad,narrow,,LC
434,Passeriformes,Turdidae,Turdus viscivorus,Misteldrossel,Mistle Thrush,forests,trees,invertebrates,no,W-Westpalearctic,short-distance,interquartile,broad,narrow,,LC
430,Passeriformes,Turdidae,Turdus philomelos,Singdrossel,Song Thrush,forests,trees,invertebrates,no,W-Westpalearctic,short-distance,lower quartile,broad,narrow,,LC
400,Passeriformes,Regulidae,Regulus ignicapilla,Sommergoldhähnchen,Firecrest,forests,trees,insectivorous,insect. forest,W-Mediterranean,short-distance,upper quartile,broad,narrow,,LC
401,Passeriformes,Regulidae,Regulus regulus,Wintergoldhähnchen,Goldcrest,forests,trees,insectivorous,insect. forest,W-Westpalearctic,short-distance,lower quartile,narrow,narrow,,LC
316,Passeriformes,Fringillidae,Serinus serinus,Girlitz,European Serin,settlement,trees,granivorous,no,W-Mediterranean,short-distance,upper quartile,broad,narrow,,LC
84,Columbiformes,Columbidae,Columba palumbus,Ringeltaube,Common Woodpigeon,several,trees,granivorous,no,W-Westpalearctic,short-distance,interquartile,broad,broad,,LC
297,Passeriformes,Fringillidae,Carduelis carduelis,Stieglitz,European Goldfinch,several,trees,granivorous,no,W-Mediterranean,short-distance,upper quartile,broad,narrow,,LC
456,Piciformes,Picidae,Jynx torquilla,Wendehals,Eurasian Wryneck,several,trees,insectivorous,insect. other,W-Mediterranean,short-distance,interquartile,broad,narrow,3,LC
283,Passeriformes,Emberizidae,Emberiza hortulana,Ortolan,Ortolan Bunting,farmland,,omnivorous,,Sahel-Sudan,long-distance,,,,2,LC
391,Passeriformes,Phylloscopidae,Phylloscopus inornatus,Gelbbrauenlaubsänger,Yellow-browed Warbler,forests,,insectivorous,,Asia,long-distance,,,,,LC
330,Passeriformes,Locustellidae,Locustella luscinioides,Rohrschwirl,Savi's Warbler,wetlands,,insectivorous,,Sahel-Sudan,long-distance,,,,,LC
328,Passeriformes,Locustellidae,Locustella fluviatilis,Schlagschwirl,River Warbler,wetlands,,insectivorous,,Sub-Sahel,long-distance,,,,,LC
213,Charadriiformes,Scolopacidae,Lymnocryptes minimus,Zwergschnepfe,Jack Snipe,wetlands,,carnivorous,,Sahel-Sudan,long-distance,,,,,LC
303,Passeriformes,Fringillidae,Fringilla montifringilla,Bergfink,Brambling,forests,,omnivorous,,W-Westpalearctic,short-distance,,,,,LC
3,Accipitriformes,Accipitridae,Accipiter nisus,Sperber,Sparrowhawk,forests,,carnivorous,,W-Mediterranean,short-distance,,,,,LC
342,Passeriformes,Motacillidae,Motacilla cinerea,Gebirgsstelze,Grey Wagtail,several,,insectivorous,,W-Mediterranean,short-distance,,,,,LC
89,Coraciiformes,Alcedinidae,Alcedo atthis,Eisvogel,Common Kingfisher,wetlands,,carnivorous,,W-Mediterranean,short-distance,,,,,LC
104,Falconiformes,Falconidae,Falco subbuteo,Baumfalke,,,,,,,,,,,3,LC
214,Charadriiformes,Scolopacidae,Numenius arquata,Brachvogel,,,,,,,,,,,1,NT
317,Passeriformes,Fringillidae,Spinus spinus,Erlenzeisig,,,,,,,,,,,,LC
307,Passeriformes,Fringillidae,Loxia curvirostra,Fichtenkreuzschnabel,,,,,,,,,,,,LC
394,Passeriformes,Phylloscopidae,Phylloscopus trochiloides,Grünlaubsänger,,,,,,,,,,,5,LC
2,Accipitriformes,Accipitridae,Accipiter gentilis,Habicht,,,,,,,,,,,,LC
349,Passeriformes,Muscicapidae,Ficedula albicollis,Halsbandschnäpper,,,,,,,,,,,3,LC
252,Passeriformes,Alaudidae,Galerida cristata,Haubenlerche,,,,,,,,,,,1,LC
53,Anseriformes,Anatidae,Cygnus olor,Höckerschwan,,,,,,,,,,,,LC
134,Gruiformes,Gruidae,Grus grus,Kranich,,,,,,,,,,,,LC
243,Passeriformes,Acrocephalidae,Hippolais polyglotta,Orpheusspötter,,,,,,,,,,,,LC
324,Passeriformes,Laniidae,Lanius excubitor,Raubwürger,,,,,,,,,,,1,LC
483,Strigiformes,Strigidae,Aegolius funereus,Raufußkauz,,,,,,,,,,,,LC
266,Passeriformes,Corvidae,Corvus frugilegus,Saatkrähe,,,,,,,,,,,,VU
495,Strigiformes,Tytonidae,Tyto alba,Schleiereule,,,,,,,,,,,,LC
25,Accipitriformes,Accipitridae,Milvus migrans,Schwarzmilan,,,,,,,,,,,,LC
81,Ciconiiformes,Ciconiidae,Ciconia nigra,Schwarzstorch,,,,,,,,,,,,LC
489,Strigiformes,Strigidae,Glaucidium passerinum,Sperlingskauz,,,,,,,,,,,,LC
353,Passeriformes,Muscicapidae,Luscinia luscinia,Sprosser,,,,,,,,,,,4,LC
486,Strigiformes,Strigidae,Athene noctua,Steinkauz,,,,,,,,,,,4,LC
363,Passeriformes,Muscicapidae,Oenanthe oenanthe,Steinschmätzer,,,,,,,,,,,1,LC
329,Passeriformes,Locustellidae,Locustella lanceolata,Strichelschwirl,,,,,,,,,,,,LC
484,Strigiformes,Strigidae,Asio flammeus,Sumpfohreule,,,,,,,,,,,1,LC
270,Passeriformes,Corvidae,Nucifraga caryocatactes,Tannenhäher,,,,,,,,,,,,LC
322,Passeriformes,Hirundinidae,Riparia riparia,Uferschwalbe,,,,,,,,,,,,LC
487,Strigiformes,Strigidae,Bubo bubo,Uhu,,,,,,,,,,,,LC
135,Gruiformes,Rallidae,Crex crex,Wachtelkönig,,,,,,,,,,,1,LC
491,Strigiformes,Strigidae,Strix aluco,Waldkauz,,,,,,,,,,,,LC
485,Strigiformes,Strigidae,Asio otus,Waldohreule,,,,,,,,,,,,LC
218,Charadriiformes,Scolopacidae,Scolopax rusticola,Waldschnepfe,,,,,,,,,,,4,LC
102,Falconiformes,Falconidae,Falco peregrinus,Wanderfalke,,,,,,,,,,,,LC
262,Passeriformes,Cinclidae,Cinclus cinclus,Wasseramsel,,,,,,,,,,,,LC
80,Ciconiiformes,Ciconiidae,Ciconia ciconia,Weißstorch,,,,,,,,,,,,LC
28,Accipitriformes,Accipitridae,Pernis apivorus,Wespenbussard,,,,,,,,,,,,LC
78,Caprimulgiformes,Caprimulgidae,Caprimulgus europaeus,Ziegenmelker,,,,,,,,,,,3,LC
1,Accipitriformes,Accipitridae,Accipiter brevipes,,,,,,,,,,,,,
4,Accipitriformes,Accipitridae,Aegypius monachus,,,,,,,,,,,,,
5,Accipitriformes,Accipitridae,Aquila adalberti,,,,,,,,,,,,,
6,Accipitriformes,Accipitridae,Aquila fasciata,,,,,,,,,,,,,
7,Accipitriformes,Accipitridae,Aquila heliaca,,,,,,,,,,,,,
8,Accipitriformes,Accipitridae,Aquila chrysaetos,,,,,,,,,,,,,
9,Accipitriformes,Accipitridae,Aquila nipalenis,,,,,,,,,,,,,
11,Accipitriformes,Accipitridae,Buteo lagopus,,,,,,,,,,,,,
12,Accipitriformes,Accipitridae,Buteo rufinus,,,,,,,,,,,,,
13,Accipitriformes,Accipitridae,Circaetus gallicus,,,,,,,,,,,,,
14,Accipitriformes,Accipitridae,Circus aeruginosus,,,,,,,,,,,,,
15,Accipitriformes,Accipitridae,Circus cyaneus,,,,,,,,,,,,,
16,Accipitriformes,Accipitridae,Circus macrourus,,,,,,,,,,,,,
17,Accipitriformes,Accipitridae,Circus pygargus,,,,,,,,,,,,,
18,Accipitriformes,Accipitridae,Clanga clanga,,,,,,,,,,,,,
19,Accipitriformes,Accipitridae,Clanga pomarina,,,,,,,,,,,,,
20,Accipitriformes,Accipitridae,Elanus caeruleus,,,,,,,,,,,,,
21,Accipitriformes,Accipitridae,Gypaetus barbatus,,,,,,,,,,,,,
22,Accipitriformes,Accipitridae,Gyps fulvus,,,,,,,,,,,,,
23,Accipitriformes,Accipitridae,Haliaeetus albicilla,,,,,,,,,,,,,
24,Accipitriformes,Accipitridae,Hieraaetus pennatus,,,,,,,,,,,,,
27,Accipitriformes,Accipitridae,Neophron percnopterus,,,,,,,,,,,,,
29,Accipitriformes,Pandionidae,Pandion haliaetus,,,,,,,,,,,,,
30,Anseriformes,Anatidae,Aix galericulata,,,,,,,,,,,,,
31,Anseriformes,Anatidae,Aix sponsa,,,,,,,,,,,,,
32,Anseriformes,Anatidae,Alopochen aegyptiaca,,,,,,,,,,,,,
33,Anseriformes,Anatidae,Anas acuta,,,,,,,,,,,,,
34,Anseriformes,Anatidae,Anas crecca,,,,,,,,,,,,,
35,Anseriformes,Anatidae,Anas platyrhynchos,,,,,,,,,,,,,
36,Anseriformes,Anatidae,Anser albifrons,,,,,,,,,,,,,
37,Anseriformes,Anatidae,Anser anser,,,,,,,,,,,,,
38,Anseriformes,Anatidae,Anser brachyrhynchus,,,,,,,,,,,,,
39,Anseriformes,Anatidae,Anser erythropus,,,,,,,,,,,,,
40,Anseriformes,Anatidae,Anser fabalis,,,,,,,,,,,,,
41,Anseriformes,Anatidae,Aythya ferina,,,,,,,,,,,,,
42,Anseriformes,Anatidae,Aythya fuligula,,,,,,,,,,,,,
43,Anseriformes,Anatidae,Aythya marila,,,,,,,,,,,,,
44,Anseriformes,Anatidae,Aythya nyroca,,,,,,,,,,,,,
45,Anseriformes,Anatidae,Branta bernicla,,,,,,,,,,,,,
46,Anseriformes,Anatidae,Branta canadensis,,,,,,,,,,,,,
47,Anseriformes,Anatidae,Branta leucopsis,,,,,,,,,,,,,
48,Anseriformes,Anatidae,Bucephala clangula,,,,,,,,,,,,,
49,Anseriformes,Anatidae,Bucephala islandica,,,,,,,,,,,,,
50,Anseriformes,Anatidae,Clangula hyemalis,,,,,,,,,,,,,
51,Anseriformes,Anatidae,Cygnus columbianus,,,,,,,,,,,,,
52,Anseriformes,Anatidae,Cygnus cygnus,,,,,,,,,,,,,
54,Anseriformes,Anatidae,Histrionicus histrionicus,,,,,,,,,,,,,
55,Anseriformes,Anatidae,Mareca penelope,,,,,,,,,,,,,
56,Anseriformes,Anatidae,Mareca strepera,,,,,,,,,,,,,
57,Anseriformes,Anatidae,Marmaronetta angustirostris,,,,,,,,,,,,,
58,Anseriformes,Anatidae,Melanitta fusca,,,,,,,,,,,,,
59,Anseriformes,Anatidae,Melanitta nigra,,,,,,,,,,,,,
60,Anseriformes,Anatidae,Mergellus albellus,,,,,,,,,,,,,
61,Anseriformes,Anatidae,Mergus merganser,,,,,,,,,,,,,
62,Anseriformes,Anatidae,Mergus serrator,,,,,,,,,,,,,
63,Anseriformes,Anatidae,Netta rufina,,,,,,,,,,,,,
64,Anseriformes,Anatidae,Oxyura jamaicensis,,,,,,,,,,,,,
65,Anseriformes,Anatidae,Oxyura leucocephala,,,,,,,,,,,,,
66,Anseriformes,Anatidae,Polysticta stelleri,,,,,,,,,,,,,
67,Anseriformes,Anatidae,Somateria mollissima,,,,,,,,,,,,,
68,Anseriformes,Anatidae,Somateria spectabilis,,,,,,,,,,,,,
69,Anseriformes,Anatidae,Spatula clypeata,,,,,,,,,,,,,
70,Anseriformes,Anatidae,Spatula querquedula,,,,,,,,,,,,,
71,Anseriformes,Anatidae,Tadorna ferruginea,,,,,,,,,,,,,
72,Anseriformes,Anatidae,Tadorna tadorna,,,,,,,,,,,,,
74,Caprimulgiformes,Apodidae,Apus caffer,,,,,,,,,,,,,
75,Caprimulgiformes,Apodidae,Apus pallidus,,,,,,,,,,,,,
76,Caprimulgiformes,Apodidae,Apus unicolor,,,,,,,,,,,,,
77,Caprimulgiformes,Apodidae,Tachymarptis melba,,,,,,,,,,,,,
79,Caprimulgiformes,Caprimulgidae,Caprimulgus ruficollis,,,,,,,,,,,,,
85,Columbiformes,Columbidae,Columba trocaz,,,,,,,,,,,,,
86,Columbiformes,Columbidae,Spilopelia senegalensis,,,,,,,,,,,,,
90,Coraciiformes,Coraciidae,Coracias garrulus,,,,,,,,,,,,,
91,Coraciiformes,Meropidae,Merops apiaster,,,,,,,,,,,,,
92,Coraciiformes,Meropidae,Merops persicus,,,,,,,,,,,,,
93,Coraciiformes,Upupidae,Upupa epops,,,,,,,,,,,,,
94,Cuculiformes,Cuculidae,Clamator glandarius,,,,,,,,,,,,,
96,Cuculiformes,Cuculidae,Cuculus saturatus,,,,,,,,,,,,,
97,Falconiformes,Falconidae,Falco biarmicus,,,,,,,,,,,,,
98,Falconiformes,Falconidae,Falco columbarius,,,,,,,,,,,,,
99,Falconiformes,Falconidae,Falco eleonorae,,,,,,,,,,,,,
100,Falconiformes,Falconidae,Falco cherrug,,,,,,,,,,,,,
101,Falconiformes,Falconidae,Falco naumanni,,,,,,,,,,,,,
103,Falconiformes,Falconidae,Falco rusticolus,,,,,,,,,,,,,
106,Falconiformes,Falconidae,Falco vespertinus,,,,,,,,,,,,,
107,Galiiformes,Odontophoridae,Callipepla californica,,,,,,,,,,,,,
108,Galiiformes,Odontophoridae,Colinus virginianus,,,,,,,,,,,,,
109,Galiiformes,Phasianidae,Alectoris barbara,,,,,,,,,,,,,
110,Galiiformes,Phasianidae,Alectoris graeca,,,,,,,,,,,,,
111,Galiiformes,Phasianidae,Alectoris chukar,,,,,,,,,,,,,
112,Galiiformes,Phasianidae,Alectoris rufa,,,,,,,,,,,,,
113,Galiiformes,Phasianidae,Bonasa bonasia,,,,,,,,,,,,,
115,Galiiformes,Phasianidae,Francolinus francolinus,,,,,,,,,,,,,
116,Galiiformes,Phasianidae,Chrysolophus amherstiae,,,,,,,,,,,,,
117,Galiiformes,Phasianidae,Chrysolophus pictus,,,,,,,,,,,,,
118,Galiiformes,Phasianidae,Lagopus lagopus,,,,,,,,,,,,,
119,Galiiformes,Phasianidae,Lagopus muta,,,,,,,,,,,,,
120,Galiiformes,Phasianidae,Lyrurus mlokosiewiczi,,,,,,,,,,,,,
121,Galiiformes,Phasianidae,Lyrurus tetrix,,,,,,,,,,,,,
122,Galiiformes,Phasianidae,Meleagris gallopavo,,,,,,,,,,,,,
125,Galiiformes,Phasianidae,Syrmaticus reevesii,,,,,,,,,,,,,
126,Galiiformes,Phasianidae,Tetrao urogallus,,,,,,,,,,,,,
127,Galiiformes,Phasianidae,Tetraogallus caspius,,,,,,,,,,,,,
128,Galiiformes,Phasianidae,Tetraogallus caucasicus,,,,,,,,,,,,,
129,Gaviiformes,Gaviidae,Gavia adamsii,,,,,,,,,,,,,
130,Gaviiformes,Gaviidae,Gavia arctica,,,,,,,,,,,,,
131,Gaviiformes,Gaviidae,Gavia immer,,,,,,,,,,,,,
132,Gaviiformes,Gaviidae,Gavia stellata,,,,,,,,,,,,,
133,Gruiformes,Gruidae,Anthropoides virgo,,,,,,,,,,,,,
136,Gruiformes,Rallidae,Fulica atra,,,,,,,,,,,,,
137,Gruiformes,Rallidae,Fulica cristata,,,,,,,,,,,,,
138,Gruiformes,Rallidae,Gallinula chloropus,,,,,,,,,,,,,
139,Gruiformes,Rallidae,Porphyrio porphyrio,,,,,,,,,,,,,
140,Gruiformes,Rallidae,Porzana porzana,,,,,,,,,,,,,
141,Gruiformes,Rallidae,Rallus aquaticus,,,,,,,,,,,,,
142,Gruiformes,Rallidae,Zapornia parva,,,,,,,,,,,,,
143,Gruiformes,Rallidae,Zapornia pusilla,,,,,,,,,,,,,
144,Charadriiformes,Alcidae,Alca torda,,,,,,,,,,,,,
145,Charadriiformes,Alcidae,Alle alle,,,,,,,,,,,,,
146,Charadriiformes,Alcidae,Cepphus grylle,,,,,,,,,,,,,
147,Charadriiformes,Alcidae,Fratercula arctica,,,,,,,,,,,,,
148,Charadriiformes,Alcidae,Uria aalge,,,,,,,,,,,,,
149,Charadriiformes,Alcidae,Uria lomvia,,,,,,,,,,,,,
150,Charadriiformes,Burhinidae,Burhinus oedicnemus,,,,,,,,,,,,,
151,Charadriiformes,Glareolidae,Glareola nordmanni,,,,,,,,,,,,,
152,Charadriiformes,Glareolidae,Glareola pratincola,,,,,,,,,,,,,
153,Charadriiformes,Haematopodidae,Haematopus ostralegus,,,,,,,,,,,,,
154,Charadriiformes,Charadriidae,Eudromias morinellus,,,,,,,,,,,,,
155,Charadriiformes,Charadriidae,Charadrius alexandrinus,,,,,,,,,,,,,
156,Charadriiformes,Charadriidae,Charadrius asiaticus,,,,,,,,,,,,,
157,Charadriiformes,Charadriidae,Charadrius dubius,,,,,,,,,,,,,
158,Charadriiformes,Charadriidae,Charadrius hiaticula,,,,,,,,,,,,,
159,Charadriiformes,Charadriidae,Charadrius leschenaultii,,,,,,,,,,,,,
160,Charadriiformes,Charadriidae,Pluvialis apricaria,,,,,,,,,,,,,
161,Charadriiformes,Charadriidae,Pluvialis squatarola,,,,,,,,,,,,,
162,Charadriiformes,Charadriidae,Vanellus gregarius,,,,,,,,,,,,,
163,Charadriiformes,Charadriidae,Vanellus leucurus,,,,,,,,,,,,,
164,Charadriiformes,Charadriidae,Vanellus spinosus,,,,,,,,,,,,,
166,Charadriiformes,Laridae,Gelochelidon nilotica,,,,,,,,,,,,,
167,Charadriiformes,Laridae,Hydrocoloeus minutus,,,,,,,,,,,,,
168,Charadriiformes,Laridae,Hydroprogne caspia,,,,,,,,,,,,,
169,Charadriiformes,Laridae,Chlidonias hybrida,,,,,,,,,,,,,
170,Charadriiformes,Laridae,Chlidonias leucopterus,,,,,,,,,,,,,
171,Charadriiformes,Laridae,Chlidonias niger,,,,,,,,,,,,,
172,Charadriiformes,Laridae,Larus argentatus,,,,,,,,,,,,,
173,Charadriiformes,Laridae,Larus armenicus,,,,,,,,,,,,,
174,Charadriiformes,Laridae,Larus audouinii,,,,,,,,,,,,,
175,Charadriiformes,Laridae,Larus canus,,,,,,,,,,,,,
176,Charadriiformes,Laridae,Larus fuscus,,,,,,,,,,,,,
177,Charadriiformes,Laridae,Larus genei,,,,,,,,,,,,,
178,Charadriiformes,Laridae,Larus glaucoides,,,,,,,,,,,,,
179,Charadriiformes,Laridae,Larus hyperboreus,,,,,,,,,,,,,
180,Charadriiformes,Laridae,Larus ichthyaetus,,,,,,,,,,,,,
181,Charadriiformes,Laridae,Larus marinus,,,,,,,,,,,,,
182,Charadriiformes,Laridae,Larus melanocephalus,,,,,,,,,,,,,
183,Charadriiformes,Laridae,Larus michahellis,,,,,,,,,,,,,
184,Charadriiformes,Laridae,Larus ridibundus,,,,,,,,,,,,,
185,Charadriiformes,Laridae,Onychoprion fuscatus,,,,,,,,,,,,,
186,Charadriiformes,Laridae,Pagophila eburnea,,,,,,,,,,,,,
187,Charadriiformes,Laridae,Rissa tridactyla,,,,,,,,,,,,,
188,Charadriiformes,Laridae,Sterna dougallii,,,,,,,,,,,,,
189,Charadriiformes,Laridae,Sterna hirundo,,,,,,,,,,,,,
190,Charadriiformes,Laridae,Sterna paradisaea,,,,,,,,,,,,,
191,Charadriiformes,Laridae,Sternula albifrons,,,,,,,,,,,,,
192,Charadriiformes,Laridae,Thalasseus bengalensis,,,,,,,,,,,,,
193,Charadriiformes,Laridae,Thalasseus sandvicensis,,,,,,,,,,,,,
194,Charadriiformes,Laridae,Xema sabini,,,,,,,,,,,,,
195,Charadriiformes,Recurvirostridae,Himantopus himantopus,,,,,,,,,,,,,
196,Charadriiformes,Recurvirostridae,Recurvirostra avosetta,,,,,,,,,,,,,
197,Charadriiformes,Scolopacidae,Actitis hypoleucos,,,,,,,,,,,,,
198,Charadriiformes,Scolopacidae,Arenaria interpres,,,,,,,,,,,,,
199,Charadriiformes,Scolopacidae,Calidris alba,,,,,,,,,,,,,
200,Charadriiformes,Scolopacidae,Calidris alpina,,,,,,,,,,,,,
201,Charadriiformes,Scolopacidae,Calidris canutus,,,,,,,,,,,,,
202,Charadriiformes,Scolopacidae,Calidris falcinellus,,,,,,,,,,,,,
203,Charadriiformes,Scolopacidae,Calidris maritima,,,,,,,,,,,,,
204,Charadriiformes,Scolopacidae,Calidris melanotos,,,,,,,,,,,,,
205,Charadriiformes,Scolopacidae,Calidris minuta,,,,,,,,,,,,,
206,Charadriiformes,Scolopacidae,Calidris pugnax,,,,,,,,,,,,,
207,Charadriiformes,Scolopacidae,Calidris temminckii,,,,,,,,,,,,,
208,Charadriiformes,Scolopacidae,Gallinago gallinago,,,,,,,,,,,,,
209,Charadriiformes,Scolopacidae,Gallinago media,,,,,,,,,,,,,
210,Charadriiformes,Scolopacidae,Gallinago stenura,,,,,,,,,,,,,
211,Charadriiformes,Scolopacidae,Limosa lapponica,,,,,,,,,,,,,
212,Charadriiformes,Scolopacidae,Limosa limosa,,,,,,,,,,,,,
215,Charadriiformes,Scolopacidae,Numenius phaeopus,,,,,,,,,,,,,
216,Charadriiformes,Scolopacidae,Phalaropus fulicarius,,,,,,,,,,,,,
217,Charadriiformes,Scolopacidae,Phalaropus lobatus,,,,,,,,,,,,,
219,Charadriiformes,Scolopacidae,Tringa erythropus,,,,,,,,,,,,,
220,Charadriiformes,Scolopacidae,Tringa glareola,,,,,,,,,,,,,
221,Charadriiformes,Scolopacidae,Tringa nebularia,,,,,,,,,,,,,
222,Charadriiformes,Scolopacidae,Tringa ochropus,,,,,,,,,,,,,
223,Charadriiformes,Scolopacidae,Tringa stagnatilis,,,,,,,,,,,,,
224,Charadriiformes,Scolopacidae,Tringa totanus,,,,,,,,,,,,,
225,Charadriiformes,Scolopacidae,Xenus cinereus,,,,,,,,,,,,,
226,Charadriiformes,Stercorariidae,Catharacta skua,,,,,,,,,,,,,
227,Charadriiformes,Stercorariidae,Stercorarius longicaudus,,,,,,,,,,,,,
228,Charadriiformes,Stercorariidae,Stercorarius parasiticus,,,,,,,,,,,,,
229,Charadriiformes,Stercorariidae,Stercorarius pomarinus,,,,,,,,,,,,,
230,Charadriiformes,Turnicidae,Turnix sylvatica,,,,,,,,,,,,,
231,Otidiformes,Otididae,Otis tarda,,,,,,,,,,,,,
232,Otidiformes,Otididae,Tetrax tetrax,,,,,,,,,,,,,
233,Passeriformes,Acrocephalidae,Acrocephalus agricola,,,,,,,,,,,,,
235,Passeriformes,Acrocephalidae,Acrocephalus dumetorum,,,,,,,,,,,,,
236,Passeriformes,Acrocephalidae,Acrocephalus melanopogon,,,,,,,,,,,,,
237,Passeriformes,Acrocephalidae,Acrocephalus paludicola,,,,,,,,,,,,,
242,Passeriformes,Acrocephalidae,Hippolais olivetorum,,,,,,,,,,,,,
244,Passeriformes,Acrocephalidae,Iduna caligata,,,,,,,,,,,,,
245,Passeriformes,Acrocephalidae,Iduna pallida,,,,,,,,,,,,,
248,Passeriformes,Alaudidae,Alauda leucoptera,,,,,,,,,,,,,
249,Passeriformes,Alaudidae,Alaudala rufescens,,,,,,,,,,,,,
250,Passeriformes,Alaudidae,Calandrella brachydactyla,,,,,,,,,,,,,
251,Passeriformes,Alaudidae,Eremophila alpestris,,,,,,,,,,,,,
253,Passeriformes,Alaudidae,Galerida theklae,,,,,,,,,,,,,
254,Passeriformes,Alaudidae,Chersophilus duponti,,,,,,,,,,,,,
256,Passeriformes,Alaudidae,Melanocorypha calandra,,,,,,,,,,,,,
257,Passeriformes,Bombycillidae,Bombycilla garrulus,,,,,,,,,,,,,
258,Passeriformes,Calcariidae,Calcarius lapponicus,,,,,,,,,,,,,
259,Passeriformes,Calcariidae,Plectrophenax nivalis,,,,,,,,,,,,,
263,Passeriformes,Cisticolidae,Cisticola juncidis,,,,,,,,,,,,,
268,Passeriformes,Corvidae,Cyanopica cyanus,,,,,,,,,,,,,
271,Passeriformes,Corvidae,Perisoreus infaustus,,,,,,,,,,,,,
273,Passeriformes,Corvidae,Pyrrhocorax graculus,,,,,,,,,,,,,
274,Passeriformes,Corvidae,Pyrrhocorax pyrrhocorax,,,,,,,,,,,,,
275,Passeriformes,Emberizidae,Emberiza aureola,,,,,,,,,,,,,
276,Passeriformes,Emberizidae,Emberiza bruniceps,,,,,,,,,,,,,
277,Passeriformes,Emberizidae,Emberiza caesia,,,,,,,,,,,,,
279,Passeriformes,Emberizidae,Emberiza cia,,,,,,,,,,,,,
280,Passeriformes,Emberizidae,Emberiza cineracea,,,,,,,,,,,,,
281,Passeriformes,Emberizidae,Emberiza cirlus,,,,,,,,,,,,,
284,Passeriformes,Emberizidae,Emberiza leucocephalos,,,,,,,,,,,,,
285,Passeriformes,Emberizidae,Emberiza melanocephala,,,,,,,,,,,,,
286,Passeriformes,Emberizidae,Emberiza pallasi,,,,,,,,,,,,,
287,Passeriformes,Emberizidae,Emberiza pusilla,,,,,,,,,,,,,
288,Passeriformes,Emberizidae,Emberiza rustica,,,,,,,,,,,,,
290,Passeriformes,Estrildidae,Amandava amandava,,,,,,,,,,,,,
291,Passeriformes,Estrildidae,Estrilda astrild,,,,,,,,,,,,,
292,Passeriformes,Estrildidae,Estrilda melpoda,,,,,,,,,,,,,
293,Passeriformes,Fringillidae,Acanthis flammea,,,,,,,,,,,,,
294,Passeriformes,Fringillidae,Acanthis flammea hornemanni,,,,,,,,,,,,,
295,Passeriformes,Fringillidae,Bucanetes githagineus,,,,,,,,,,,,,
296,Passeriformes,Fringillidae,Bucanetes mongolicus,,,,,,,,,,,,,
298,Passeriformes,Fringillidae,Carduelis citrinella,,,,,,,,,,,,,
299,Passeriformes,Fringillidae,Carpodacus erythrinus,,,,,,,,,,,,,
300,Passeriformes,Fringillidae,Carpodacus rubicilla,,,,,,,,,,,,,
306,Passeriformes,Fringillidae,Linaria flavirostris,,,,,,,,,,,,,
308,Passeriformes,Fringillidae,Loxia leucoptera,,,,,,,,,,,,,
309,Passeriformes,Fringillidae,Loxia pytyopsittacus,,,,,,,,,,,,,
310,Passeriformes,Fringillidae,Loxia scotica,,,,,,,,,,,,,
311,Passeriformes,Fringillidae,Pinicola enucleator,,,,,,,,,,,,,
312,Passeriformes,Fringillidae,Pyrrhula murina,,,,,,,,,,,,,
314,Passeriformes,Fringillidae,Serinus canaria,,,,,,,,,,,,,
315,Passeriformes,Fringillidae,Serinus pusillus,,,,,,,,,,,,,
318,Passeriformes,Hirundinidae,Cecropis daurica,,,,,,,,,,,,,
321,Passeriformes,Hirundinidae,Ptyonoprogne rupestris,,,,,,,,,,,,,
325,Passeriformes,Laniidae,Lanius minor,,,,,,,,,,,,,
326,Passeriformes,Laniidae,Lanius nubicus,,,,,,,,,,,,,
327,Passeriformes,Laniidae,Lanius senator,,,,,,,,,,,,,
332,Passeriformes,Motacillidae,Anthus berthelotii,,,,,,,,,,,,,
333,Passeriformes,Motacillidae,Anthus campestris,,,,,,,,,,,,,
334,Passeriformes,Motacillidae,Anthus cervinus,,,,,,,,,,,,,
335,Passeriformes,Motacillidae,Anthus hodgsoni,,,,,,,,,,,,,
336,Passeriformes,Motacillidae,Anthus petrosus,,,,,,,,,,,,,
338,Passeriformes,Motacillidae,Anthus spinoletta,,,,,,,,,,,,,
339,Passeriformes,Motacillidae,Anthus spinoletta ssp,,,,,,,,,,,,,
343,Passeriformes,Motacillidae,Motacilla citreola,,,,,,,,,,,,,
345,Passeriformes,Muscicapidae,Calliope calliope,,,,,,,,,,,,,
346,Passeriformes,Muscicapidae,Cercotrichas galactotes,,,,,,,,,,,,,
351,Passeriformes,Muscicapidae,Ficedula parva,,,,,,,,,,,,,
352,Passeriformes,Muscicapidae,Ficedula semitorquata,,,,,,,,,,,,,
355,Passeriformes,Muscicapidae,Monticola saxatilis,,,,,,,,,,,,,
356,Passeriformes,Muscicapidae,Monticola solitarius,,,,,,,,,,,,,
358,Passeriformes,Muscicapidae,Oenanthe deserti,,,,,,,,,,,,,
359,Passeriformes,Muscicapidae,Oenanthe finschii,,,,,,,,,,,,,
360,Passeriformes,Muscicapidae,Oenanthe hispanica,,,,,,,,,,,,,
361,Passeriformes,Muscicapidae,Oenanthe isabellina,,,,,,,,,,,,,
362,Passeriformes,Muscicapidae,Oenanthe leucura,,,,,,,,,,,,,
364,Passeriformes,Muscicapidae,Oenanthe pleschanka,,,,,,,,,,,,,
365,Passeriformes,Muscicapidae,Oenanthe xanthoprymna,,,,,,,,,,,,,
370,Passeriformes,Muscicapidae,Tarsiger cyanurus,,,,,,,,,,,,,
372,Passeriformes,Panuridae,Panurus biarmicus,,,,,,,,,,,,,
374,Passeriformes,Paridae,Cyanistes cyanus,,,,,,,,,,,,,
378,Passeriformes,Paridae,Poecile cinctus,,,,,,,,,,,,,
379,Passeriformes,Paridae,Poecile lugubris,,,,,,,,,,,,,
382,Passeriformes,Passeridae,Montifringilla nivalis,,,,,,,,,,,,,
384,Passeriformes,Passeridae,Passer hispaniolensis,,,,,,,,,,,,,
385,Passeriformes,Passeridae,Passer italiae,,,,,,,,,,,,,
387,Passeriformes,Passeridae,Petronia petronia,,,,,,,,,,,,,
388,Passeriformes,Phylloscopidae,Phylloscopus bonelli,,,,,,,,,,,,,
389,Passeriformes,Phylloscopidae,Phylloscopus borealis,,,,,,,,,,,,,
393,Passeriformes,Phylloscopidae,Phylloscopus sindianus,,,,,,,,,,,,,
396,Passeriformes,Prunellidae,Prunella atrogularis,,,,,,,,,,,,,
397,Passeriformes,Prunellidae,Prunella collaris,,,,,,,,,,,,,
399,Passeriformes,Prunellidae,Prunella montanella,,,,,,,,,,,,,
402,Passeriformes,Remizidae,Remiz pendulinus,,,,,,,,,,,,,
403,Passeriformes,Scotocercidae,Cettia cetti,,,,,,,,,,,,,
405,Passeriformes,Sittadae,Sitta krueperi,,,,,,,,,,,,,
406,Passeriformes,Sittadae,Sitta neumayer,,,,,,,,,,,,,
407,Passeriformes,Sittadae,Sitta whiteheadi,,,,,,,,,,,,,
408,Passeriformes,Sittadae,Tichodroma muraria,,,,,,,,,,,,,
409,Passeriformes,Sturnidae,Acridotheres cristatellus,,,,,,,,,,,,,
410,Passeriformes,Sturnidae,Acridotheres tristis,,,,,,,,,,,,,
411,Passeriformes,Sturnidae,Pastor roseus,,,,,,,,,,,,,
412,Passeriformes,Sturnidae,Sturnus unicolor,,,,,,,,,,,,,
416,Passeriformes,Sylviidae,Sylvia cantillans,,,,,,,,,,,,,
418,Passeriformes,Sylviidae,Sylvia conspicillata,,,,,,,,,,,,,
420,Passeriformes,Sylviidae,Sylvia hortensis,,,,,,,,,,,,,
421,Passeriformes,Sylviidae,Sylvia melanocephala,,,,,,,,,,,,,
422,Passeriformes,Sylviidae,Sylvia mystacea,,,,,,,,,,,,,
423,Passeriformes,Sylviidae,Sylvia nisoria,,,,,,,,,,,,,
424,Passeriformes,Sylviidae,Sylvia ruppelli,,,,,,,,,,,,,
425,Passeriformes,Sylviidae,Sylvia sarda,,,,,,,,,,,,,
426,Passeriformes,Sylviidae,Sylvia undata,,,,,,,,,,,,,
428,Passeriformes,Turdidae,Turdus iliacus,,,,,,,,,,,,,
432,Passeriformes,Turdidae,Turdus ruficollis,,,,,,,,,,,,,
433,Passeriformes,Turdidae,Turdus torquatus,,,,,,,,,,,,,
435,Passeriformes,Turdidae,Zoothera aurea,,,,,,,,,,,,,
436,Pelecaniformes,Ardeidae,Ardea alba,,,,,,,,,,,,,
437,Pelecaniformes,Ardeidae,Ardea cinerea,,,,,,,,,,,,,
438,Pelecaniformes,Ardeidae,Ardea purpurea,,,,,,,,,,,,,
439,Pelecaniformes,Ardeidae,Ardeola ralloides,,,,,,,,,,,,,
440,Pelecaniformes,Ardeidae,Botaurus stellaris,,,,,,,,,,,,,
441,Pelecaniformes,Ardeidae,Bubulcus ibis,,,,,,,,,,,,,
442,Pelecaniformes,Ardeidae,Egretta garzetta,,,,,,,,,,,,,
443,Pelecaniformes,Ardeidae,Ixobrychus minutus,,,,,,,,,,,,,
444,Pelecaniformes,Ardeidae,Nycticorax nycticorax,,,,,,,,,,,,,
445,Pelecaniformes,Pelecanidae,Pelecanus crispus,,,,,,,,,,,,,
446,Pelecaniformes,Pelecanidae,Pelecanus onocrotalus,,,,,,,,,,,,,
447,Pelecaniformes,Threskiornithidae,Platalea leucorodia,,,,,,,,,,,,,
448,Pelecaniformes,Threskiornithidae,Plegadis falcinellus,,,,,,,,,,,,,
449,Phaethontiformes,Phaethontidae,Phaethon aethereus,,,,,,,,,,,,,
450,Phoenicopteriformes,Phoenicopteridae,Phoenicopterus roseus,,,,,,,,,,,,,
451,Piciformes,Picidae,Dendrocopos leucotos,,,,,,,,,,,,,
453,Piciformes,Picidae,Dendrocopos syriacus,,,,,,,,,,,,,
458,Piciformes,Picidae,Picoides tridactylus,,,,,,,,,,,,,
461,Podicipediformes,Podicipedidae,Podiceps auritus,,,,,,,,,,,,,
463,Podicipediformes,Podicipedidae,Podiceps grisegena,,,,,,,,,,,,,
464,Podicipediformes,Podicipedidae,Podiceps nigricollis,,,,,,,,,,,,,
466,Procellariiformes,Hydrobatidae,Hydrobates castro,,,,,,,,,,,,,
467,Procellariiformes,Hydrobatidae,Hydrobates leucorhous,,,,,,,,,,,,,
468,Procellariiformes,Hydrobatidae,Hydrobates pelagicus,,,,,,,,,,,,,
469,Procellariiformes,Oceanitidae,Pelagodroma marina,,,,,,,,,,,,,
470,Procellariiformes,Procellariidae,Bulweria bulwerii,,,,,,,,,,,,,
471,Procellariiformes,Procellariidae,Calonectris borealis,,,,,,,,,,,,,
472,Procellariiformes,Procellariidae,Fulmarus glacialis,,,,,,,,,,,,,
473,Procellariiformes,Procellariidae,Pterodroma feae,,,,,,,,,,,,,
474,Procellariiformes,Procellariidae,Pterodroma madeira,,,,,,,,,,,,,
475,Procellariiformes,Procellariidae,Puffinus assimilis,,,,,,,,,,,,,
476,Procellariiformes,Procellariidae,Puffinus mauretanicus,,,,,,,,,,,,,
477,Procellariiformes,Procellariidae,Puffinus puffinus,,,,,,,,,,,,,
478,Procellariiformes,Procellariidae,Puffinus yelkouan,,,,,,,,,,,,,
479,Psittaciformes,Psittacidae,Myiopsitta monachus,,,,,,,,,,,,,
480,Psittaciformes,Psittacidae,Psittacula krameri,,,,,,,,,,,,,
481,Pteroclidiformes,Pteroclidae,Pterocles alchata,,,,,,,,,,,,,
482,Pteroclidiformes,Pteroclidae,Pterocles orientalis,,,,,,,,,,,,,
488,Strigiformes,Strigidae,Bubo scandiacus,,,,,,,,,,,,,
490,Strigiformes,Strigidae,Otus scops,,,,,,,,,,,,,
492,Strigiformes,Strigidae,Strix nebulosa,,,,,,,,,,,,,
493,Strigiformes,Strigidae,Strix uralensis,,,,,,,,,,,,,
494,Strigiformes,Strigidae,Surnia ulula,,,,,,,,,,,,,
496,Suliformes,Phalacrocoracidae,Microcarbo pygmaeus,,,,,,,,,,,,,
497,Suliformes,Phalacrocoracidae,Phalacrocorax aristotelis,,,,,,,,,,,,,
498,Suliformes,Phalacrocoracidae,Phalacrocorax carbo,,,,,,,,,,,,,
499,Suliformes,Sulidae,Morus bassanus,,,,,,,,,,,,,
